row ID,label
0,3477
1,1209
2,1041
3,8832
4,5439
5,1557
6,1283
7,5744
8,4210
9,2687
10,8800
11,6642
12,1162
13,3696
14,2121
15,4141
16,1002
17,7916
18,2206
19,3780
20,520
21,1553
22,4165
23,4149
24,7177
25,7409
26,5147
27,388
28,4946
29,7013
30,6026
31,6990
32,9271
33,1815
34,6160
35,129
36,5080
37,5110
38,5561
39,3699
40,1101
41,2689
42,3986
43,2164
44,9310
45,5617
46,3857
47,633
48,2767
49,8302
50,3894
51,3863
52,4949
53,3512
54,4004
55,24
56,8327
57,2296
58,271
59,3315
60,9651
61,2193
62,5398
63,6459
64,171
65,4806
66,7285
67,5160
68,9423
69,7525
70,9189
71,8998
72,1472
73,8842
74,4318
75,5028
76,6589
77,4674
78,1433
79,4199
80,445
81,1571
82,501
83,1786
84,5879
85,3111
86,3142
87,8856
88,6399
89,9074
90,1584
91,8571
92,3112
93,6215
94,2363
95,4049
96,2510
97,1297
98,4826
99,3469
100,3632
101,5217
102,2893
103,3508
104,2347
105,3694
106,9254
107,7284
108,1259
109,2995
110,2684
111,1621
112,4718
113,5181
114,3800
115,2878
116,1947
117,1241
118,5794
119,4029
120,9867
121,1435
122,4402
123,656
124,5981
125,8634
126,3458
127,9251
128,2231
129,7079
130,3522
131,653
132,1125
133,1424
134,1166
135,1453
136,3571
137,8543
138,7246
139,3460
140,9171
141,4035
142,8895
143,4817
144,4247
145,2015
146,45
147,7763
148,7639
149,1944
150,294
151,5292
152,2451
153,7472
154,2731
155,6501
156,7058
157,1172
158,4798
159,5903
160,4057
161,4093
162,9705
163,4486
164,3030
165,2026
166,9484
167,5182
168,7300
169,148
170,6752
171,2260
172,8724
173,9946
174,1842
175,7097
176,312
177,9427
178,1745
179,1699
180,7151
181,6581
182,9779
183,5760
184,9954
185,9481
186,9217
187,8628
188,2594
189,5388
190,3395
191,4121
192,2351
193,935
194,8722
195,645
196,4382
197,835
198,7479
199,3028
200,1690
201,355
202,5017
203,5061
204,9846
205,6807
206,9985
207,2739
208,5616
209,4253
210,1198
211,6217
212,6823
213,3016
214,6071
215,7627
216,9172
217,8673
218,8156
219,290
220,7238
221,2038
222,40
223,4379
224,4951
225,1334
226,9055
227,7524
228,4330
229,8246
230,5051
231,924
232,3082
233,3398
234,7642
235,808
236,7594
237,3084
238,3552
239,166
240,3642
241,5247
242,208
243,1206
244,1816
245,1975
246,7075
247,7696
248,6631
249,9939
250,1710
251,7184
252,4012
253,810
254,8303
255,2894
256,5351
257,5645
258,4936
259,4392
260,475
261,6479
262,3614
263,7114
264,752
265,3374
266,560
267,1490
268,985
269,9233
270,8267
271,5802
272,3287
273,2507
274,7593
275,4587
276,5318
277,4525
278,4443
279,1791
280,1607
281,6277
282,7400
283,7949
284,4880
285,3137
286,8162
287,5537
288,1771
289,9029
290,8926
291,1997
292,5758
293,2773
294,1682
295,6950
296,5705
297,9556
298,1608
299,6973
300,488
301,2316
302,9387
303,2207
304,5342
305,7534
306,7928
307,333
308,9557
309,6638
310,2050
311,1376
312,8886
313,1829
314,1307
315,7578
316,4915
317,3433
318,1648
319,6686
320,9519
321,2412
322,1458
323,912
324,7555
325,8050
326,8593
327,581
328,593
329,8798
330,1569
331,620
332,662
333,9914
334,7321
335,170
336,5255
337,3148
338,4829
339,134
340,7023
341,9250
342,4808
343,6776
344,990
345,3354
346,2569
347,4283
348,7298
349,7992
350,1612
351,5034
352,2733
353,339
354,2666
355,1192
356,6525
357,7001
358,4303
359,6966
360,8653
361,8447
362,7234
363,8921
364,2173
365,7038
366,2919
367,9776
368,3410
369,2678
370,959
371,2860
372,6869
373,8519
374,1857
375,2418
376,4134
377,1728
378,7413
379,8768
380,3076
381,9464
382,8297
383,5706
384,7159
385,8774
386,9804
387,9849
388,335
389,6375
390,9043
391,9466
392,9801
393,1661
394,589
395,4797
396,4562
397,8480
398,9197
399,8228
400,3172
401,7260
402,6599
403,8295
404,489
405,4236
406,8965
407,3540
408,2055
409,9642
410,5374
411,4966
412,7374
413,3036
414,1512
415,9670
416,9454
417,6896
418,8723
419,4677
420,8618
421,1533
422,6546
423,3921
424,7378
425,255
426,7121
427,2468
428,4005
429,4364
430,42
431,3007
432,6791
433,7762
434,6062
435,4396
436,139
437,9548
438,4545
439,47
440,81
441,7564
442,4769
443,2989
444,7014
445,9567
446,2667
447,5461
448,2160
449,1915
450,3489
451,8742
452,5737
453,3417
454,1169
455,7247
456,7880
457,7854
458,5762
459,2798
460,9981
461,7791
462,2162
463,775
464,2999
465,3277
466,8890
467,1058
468,7455
469,4736
470,9202
471,9417
472,6304
473,6446
474,8872
475,2575
476,6374
477,9328
478,484
479,7190
480,506
481,8484
482,7614
483,7388
484,3426
485,2047
486,9898
487,8952
488,7150
489,7485
490,5195
491,802
492,1776
493,6970
494,9300
495,6489
496,5115
497,4586
498,2130
499,3424
500,6064
501,8512
502,8601
503,5270
504,3592
505,4618
506,759
507,4408
508,1509
509,7288
510,44
511,6036
512,8182
513,6987
514,2086
515,9334
516,9092
517,8055
518,2955
519,2792
520,8667
521,7725
522,8751
523,1034
524,4636
525,9522
526,9299
527,3454
528,8488
529,1999
530,1215
531,2671
532,3024
533,2011
534,8404
535,7936
536,2831
537,4429
538,9877
539,5209
540,5303
541,3246
542,3971
543,8476
544,3296
545,3017
546,5548
547,2556
548,6105
549,4447
550,4196
551,6763
552,5469
553,1712
554,5389
555,9513
556,8781
557,1177
558,7841
559,7747
560,5825
561,2087
562,8551
563,1589
564,8893
565,5710
566,1567
567,2043
568,4017
569,1831
570,4729
571,545
572,6030
573,7161
574,7751
575,2971
576,2572
577,5432
578,731
579,189
580,273
581,2915
582,5898
583,6316
584,6225
585,3908
586,9012
587,2403
588,3075
589,3758
590,4081
591,7301
592,1262
593,2027
594,2229
595,1913
596,3006
597,3453
598,1742
599,5235
600,3560
601,5878
602,7630
603,4739
604,3491
605,2721
606,1804
607,8566
608,2600
609,2445
610,8523
611,4991
612,5497
613,9487
614,5783
615,3226
616,2279
617,738
618,7798
619,1067
620,5763
621,7275
622,1953
623,5681
624,5218
625,7701
626,693
627,424
628,202
629,7112
630,7743
631,7080
632,2366
633,4813
634,8554
635,1800
636,1303
637,6240
638,751
639,6333
640,4835
641,8647
642,8900
643,1886
644,91
645,9941
646,4018
647,6497
648,1275
649,1808
650,2492
651,6209
652,7387
653,4003
654,7898
655,3200
656,9529
657,2900
658,1697
659,6069
660,4902
661,3960
662,4652
663,2247
664,674
665,3058
666,1703
667,426
668,329
669,6736
670,8394
671,181
672,8069
673,359
674,9638
675,6569
676,6925
677,6293
678,9196
679,5603
680,17
681,1586
682,580
683,9798
684,4585
685,2657
686,322
687,1039
688,1992
689,5957
690,9503
691,1966
692,9184
693,7179
694,2219
695,9951
696,5477
697,3679
698,211
699,64
700,6139
701,4309
702,7891
703,6440
704,7648
705,4297
706,1497
707,7199
708,6344
709,5631
710,1289
711,212
712,163
713,4462
714,3160
715,1106
716,2457
717,4712
718,1196
719,9307
720,774
721,9444
722,8518
723,6817
724,6466
725,9982
726,958
727,6172
728,3081
729,8793
730,9919
731,3974
732,5779
733,8349
734,7111
735,467
736,1402
737,4348
738,4888
739,3805
740,5875
741,3529
742,8635
743,2645
744,6140
745,9516
746,7634
747,2003
748,3295
749,6281
750,3537
751,3402
752,4052
753,2917
754,7521
755,1136
756,1009
757,6235
758,1814
759,6775
760,9347
761,2640
762,6720
763,3405
764,9799
765,5224
766,1035
767,8489
768,3244
769,6114
770,2898
771,4461
772,2463
773,5049
774,8030
775,2816
776,8871
777,1867
778,5075
779,8701
780,8305
781,5859
782,225
783,7808
784,3544
785,9280
786,8220
787,9017
788,8902
789,8639
790,9578
791,3713
792,8110
793,1184
794,8771
795,7575
796,3729
797,9089
798,1491
799,5938
800,4204
801,4074
802,642
803,7923
804,7775
805,812
806,430
807,1925
808,9824
809,7528
810,3629
811,9138
812,6657
813,6381
814,632
815,2419
816,9652
817,3389
818,3456
819,58
820,8015
821,3912
822,5984
823,2473
824,6733
825,5735
826,2766
827,972
828,914
829,3290
830,8674
831,2526
832,2558
833,5102
834,544
835,2149
836,7619
837,4792
838,4735
839,1605
840,246
841,6325
842,2085
843,7362
844,9305
845,1722
846,6413
847,3919
848,8060
849,7687
850,3985
851,4854
852,9501
853,4032
854,286
855,1828
856,6100
857,6003
858,7769
859,4178
860,2213
861,3264
862,8606
863,4280
864,3261
865,7677
866,2782
867,8271
868,9821
869,6350
870,1912
871,2947
872,6177
873,3859
874,4059
875,2210
876,2155
877,4114
878,7977
879,374
880,4741
881,9312
882,559
883,1391
884,6782
885,6153
886,9460
887,7814
888,8129
889,9656
890,4802
891,5844
892,8395
893,9613
894,2028
895,6514
896,7411
897,4164
898,5354
899,6138
900,4341
901,0
902,192
903,3717
904,4438
905,7599
906,8439
907,9144
908,4831
909,2716
910,198
911,6396
912,7714
913,2599
914,8949
915,4483
916,281
917,7062
918,6037
919,1797
920,1061
921,8996
922,2103
923,9915
924,3813
925,1900
926,3764
927,2654
928,6727
929,7127
930,1874
931,88
932,5971
933,1442
934,7951
935,6897
936,3119
937,4996
938,9844
939,2883
940,9140
941,3567
942,7682
943,5656
944,879
945,3798
946,6537
947,1794
948,8548
949,927
950,6690
951,871
952,9234
953,9406
954,1353
955,898
956,1807
957,5440
958,3457
959,9857
960,6439
961,1373
962,9727
963,7796
964,3530
965,3314
966,7342
967,1467
968,3779
969,582
970,6977
971,8373
972,5496
973,1146
974,6416
975,5317
976,4086
977,2098
978,3768
979,1441
980,466
981,8908
982,9811
983,7466
984,1822
985,5701
986,1272
987,6231
988,8865
989,4499
990,7902
991,3962
992,215
993,2579
994,4125
995,8747
996,963
997,2479
998,7154
999,8506
1000,8087
1001,8656
1002,8542
1003,8155
1004,9385
1005,5588
1006,5103
1007,7742
1008,1882
1009,5895
1010,7645
1011,7665
1012,529
1013,3091
1014,848
1015,9208
1016,4843
1017,4384
1018,2719
1019,4532
1020,4632
1021,9382
1022,3197
1023,8027
1024,4491
1025,9878
1026,3579
1027,3698
1028,6308
1029,5429
1030,1211
1031,4051
1032,4615
1033,6788
1034,3443
1035,8224
1036,9546
1037,2778
1038,5090
1039,703
1040,8180
1041,5269
1042,9149
1043,4753
1044,2232
1045,375
1046,1954
1047,9270
1048,1231
1049,4644
1050,9872
1051,3219
1052,7544
1053,3282
1054,7690
1055,6713
1056,6575
1057,397
1058,9970
1059,4166
1060,8398
1061,8163
1062,1238
1063,1190
1064,6335
1065,5793
1066,9645
1067,1423
1068,7919
1069,2555
1070,4464
1071,8345
1072,4535
1073,315
1074,341
1075,408
1076,1119
1077,5809
1078,4882
1079,2574
1080,1079
1081,9030
1082,5013
1083,7430
1084,8317
1085,6300
1086,5456
1087,618
1088,6420
1089,4745
1090,1978
1091,6168
1092,1601
1093,3045
1094,1860
1095,7558
1096,8810
1097,6478
1098,4565
1099,3907
1100,6794
1101,9397
1102,658
1103,7909
1104,3748
1105,9550
1106,9897
1107,6875
1108,4045
1109,4095
1110,1832
1111,9917
1112,854
1113,99
1114,8785
1115,3990
1116,4520
1117,428
1118,7130
1119,4740
1120,5130
1121,4567
1122,136
1123,9247
1124,7882
1125,3441
1126,6022
1127,3179
1128,6852
1129,6202
1130,9847
1131,1085
1132,7341
1133,6541
1134,7458
1135,2825
1136,9491
1137,1674
1138,9888
1139,5652
1140,8807
1141,5390
1142,2046
1143,9007
1144,7365
1145,1475
1146,7546
1147,4877
1148,9641
1149,3223
1150,2845
1151,1938
1152,5385
1153,492
1154,5076
1155,3450
1156,5836
1157,6013
1158,4229
1159,7657
1160,7980
1161,2336
1162,921
1163,9783
1164,8216
1165,7484
1166,1294
1167,2012
1168,7943
1169,8977
1170,90
1171,2536
1172,5929
1173,7937
1174,8412
1175,1996
1176,7883
1177,820
1178,7064
1179,5386
1180,7348
1181,6498
1182,5666
1183,6590
1184,7509
1185,9118
1186,4223
1187,5035
1188,7556
1189,3853
1190,9098
1191,2541
1192,7041
1193,6956
1194,6432
1195,1349
1196,8615
1197,4931
1198,2602
1199,5078
1200,7770
1201,9896
1202,6106
1203,416
1204,591
1205,1187
1206,4227
1207,7354
1208,659
1209,8363
1210,1255
1211,2253
1212,3626
1213,2126
1214,4426
1215,3631
1216,5697
1217,8254
1218,2008
1219,9781
1220,553
1221,6465
1222,6430
1223,6017
1224,9456
1225,6142
1226,5468
1227,7840
1228,4722
1229,3933
1230,3663
1231,9057
1232,267
1233,6186
1234,9553
1235,5967
1236,8980
1237,5612
1238,2889
1239,697
1240,4288
1241,3452
1242,9357
1243,240
1244,5992
1245,9232
1246,5257
1247,8281
1248,1379
1249,4161
1250,6477
1251,4733
1252,8612
1253,6806
1254,4153
1255,3262
1256,2325
1257,3221
1258,1023
1259,3291
1260,8840
1261,9838
1262,498
1263,6704
1264,7760
1265,3412
1266,5534
1267,2858
1268,7427
1269,3476
1270,3463
1271,815
1272,9141
1273,3622
1274,6460
1275,860
1276,9117
1277,2963
1278,8505
1279,8273
1280,4482
1281,1645
1282,8760
1283,6348
1284,8681
1285,9395
1286,9362
1287,698
1288,9101
1289,7640
1290,1974
1291,5855
1292,6340
1293,769
1294,513
1295,1765
1296,6162
1297,7672
1298,2945
1299,1701
1300,1980
1301,2880
1302,934
1303,2440
1304,114
1305,8279
1306,8432
1307,1429
1308,1598
1309,2425
1310,5164
1311,7090
1312,2070
1313,151
1314,4323
1315,6911
1316,8318
1317,1620
1318,6998
1319,3196
1320,2136
1321,7263
1322,5729
1323,2863
1324,4865
1325,459
1326,6962
1327,3378
1328,8870
1329,5242
1330,4249
1331,7561
1332,2661
1333,5334
1334,4763
1335,1908
1336,6397
1337,1250
1338,7781
1339,6667
1340,9112
1341,3120
1342,8780
1343,6338
1344,413
1345,7241
1346,7357
1347,5197
1348,1899
1349,705
1350,3870
1351,8067
1352,1248
1353,6297
1354,4685
1355,1252
1356,8446
1357,6485
1358,7398
1359,4602
1360,1392
1361,9934
1362,409
1363,5881
1364,9399
1365,3310
1366,7452
1367,8920
1368,2905
1369,6175
1370,137
1371,1971
1372,1313
1373,4566
1374,241
1375,6052
1376,9345
1377,4942
1378,8778
1379,6534
1380,1000
1381,223
1382,8473
1383,9912
1384,5800
1385,3052
1386,817
1387,1501
1388,5909
1389,8833
1390,3936
1391,9181
1392,6433
1393,3307
1394,733
1395,3844
1396,3185
1397,7051
1398,9508
1399,1784
1400,3815
1401,6252
1402,7102
1403,336
1404,652
1405,4048
1406,5309
1407,9278
1408,2952
1409,1310
1410,8478
1411,4451
1412,7474
1413,8591
1414,8956
1415,5951
1416,1809
1417,8132
1418,2076
1419,6429
1420,3044
1421,5393
1422,1022
1423,8876
1424,9628
1425,4467
1426,8717
1427,567
1428,262
1429,4157
1430,4708
1431,4911
1432,1140
1433,363
1434,3636
1435,1564
1436,8918
1437,5383
1438,3323
1439,3670
1440,7621
1441,1604
1442,8497
1443,7020
1444,434
1445,3566
1446,2632
1447,5799
1448,2930
1449,8209
1450,2698
1451,3972
1452,7269
1453,6632
1454,4610
1455,9321
1456,8803
1457,5801
1458,2851
1459,9918
1460,9341
1461,6792
1462,2958
1463,4804
1464,8086
1465,6838
1466,8688
1467,222
1468,6151
1469,9178
1470,7786
1471,3689
1472,6164
1473,2251
1474,7957
1475,4267
1476,3485
1477,2499
1478,2861
1479,2377
1480,4561
1481,7515
1482,8396
1483,9324
1484,8545
1485,2868
1486,8285
1487,4103
1488,4291
1489,3645
1490,5654
1491,383
1492,9595
1493,3549
1494,1046
1495,8585
1496,859
1497,3754
1498,7215
1499,1132
1500,1687
1501,2552
1502,4558
1503,1195
1504,1611
1505,4852
1506,6910
1507,8510
1508,3135
1509,2991
1510,9809
1511,3113
1512,4988
1513,2388
1514,547
1515,908
1516,9036
1517,9813
1518,4233
1519,386
1520,821
1521,4202
1522,6564
1523,5999
1524,2097
1525,6145
1526,3448
1527,8054
1528,7792
1529,1047
1530,3393
1531,59
1532,2252
1533,177
1534,8765
1535,1931
1536,8390
1537,446
1538,4490
1539,6558
1540,9890
1541,356
1542,3849
1543,8035
1544,4400
1545,2982
1546,8643
1547,5820
1548,6116
1549,1649
1550,9326
1551,5785
1552,1086
1553,1024
1554,8116
1555,4704
1556,9803
1557,4021
1558,4008
1559,5177
1560,2596
1561,468
1562,8848
1563,7314
1564,9725
1565,9750
1566,5190
1567,8826
1568,7415
1569,9175
1570,2275
1571,7679
1572,8809
1573,8599
1574,9772
1575,9593
1576,5091
1577,7344
1578,8748
1579,611
1580,7009
1581,1260
1582,2228
1583,7782
1584,4406
1585,7938
1586,4002
1587,4055
1588,6219
1589,5048
1590,2705
1591,8121
1592,1112
1593,8779
1594,3156
1595,3439
1596,757
1597,7864
1598,7492
1599,4907
1600,9634
1601,6194
1602,8703
1603,1417
1604,8164
1605,8928
1606,4200
1607,5077
1608,6577
1609,5522
1610,7156
1611,6189
1612,4744
1613,2223
1614,640
1615,1437
1616,6195
1617,722
1618,2017
1619,6127
1620,4856
1621,5315
1622,4945
1623,1628
1624,9700
1625,213
1626,9447
1627,1232
1628,7738
1629,6571
1630,5319
1631,2326
1632,2354
1633,7207
1634,4724
1635,5665
1636,8984
1637,7981
1638,2466
1639,1450
1640,5986
1641,2696
1642,324
1643,9420
1644,6101
1645,6318
1646,612
1647,7617
1648,9375
1649,6045
1650,8330
1651,9389
1652,830
1653,5377
1654,2885
1655,3128
1656,8582
1657,5216
1658,3613
1659,6200
1660,7875
1661,5581
1662,2338
1663,7867
1664,3702
1665,2912
1666,4112
1667,1139
1668,57
1669,8468
1670,60
1671,742
1672,8604
1673,7718
1674,2949
1675,9207
1676,3054
1677,5924
1678,3079
1679,3532
1680,8467
1681,6591
1682,2167
1683,5172
1684,6111
1685,7911
1686,9925
1687,5827
1688,5372
1689,8755
1690,8278
1691,4194
1692,647
1693,7625
1694,1320
1695,7473
1696,6099
1697,5043
1698,3897
1699,4414
1700,9156
1701,5690
1702,2106
1703,5789
1704,6093
1705,4717
1706,4011
1707,4314
1708,5307
1709,1300
1710,5977
1711,8796
1712,3523
1713,8932
1714,2393
1715,2278
1716,3742
1717,5694
1718,2467
1719,888
1720,5159
1721,4217
1722,6748
1723,3658
1724,1790
1725,4156
1726,4126
1727,350
1728,1630
1729,1451
1730,3704
1731,9854
1732,3127
1733,2809
1734,6602
1735,8450
1736,2230
1737,353
1738,9785
1739,5005
1740,7700
1741,7431
1742,1431
1743,3682
1744,6508
1745,4837
1746,3274
1747,7950
1748,1419
1749,7152
1750,5900
1751,1667
1752,1576
1753,9148
1754,5360
1755,9404
1756,2381
1757,285
1758,4509
1759,8001
1760,6556
1761,858
1762,9262
1763,95
1764,3712
1765,1261
1766,1015
1767,6079
1768,9223
1769,7676
1770,5155
1771,6120
1772,6850
1773,5600
1774,6443
1775,8130
1776,6354
1777,9755
1778,9568
1779,5823
1780,5804
1781,522
1782,6358
1783,7651
1784,2133
1785,6184
1786,3918
1787,8150
1788,8175
1789,8844
1790,3710
1791,3422
1792,2757
1793,3014
1794,1756
1795,3100
1796,2636
1797,9540
1798,1585
1799,5866
1800,1230
1801,9524
1802,874
1803,4422
1804,9498
1805,6934
1806,1505
1807,3192
1808,9609
1809,3316
1810,552
1811,6404
1812,1663
1813,6197
1814,6238
1815,4205
1816,72
1817,9532
1818,2662
1819,1302
1820,7281
1821,9467
1822,8010
1823,2644
1824,8677
1825,2032
1826,8754
1827,5915
1828,3401
1829,5542
1830,6065
1831,5458
1832,1073
1833,2874
1834,9205
1835,3425
1836,6651
1837,2712
1838,9978
1839,8183
1840,3163
1841,3778
1842,3759
1843,7155
1844,8384
1845,8644
1846,493
1847,8362
1848,6136
1849,4697
1850,6814
1851,2022
1852,5774
1853,431
1854,5638
1855,3795
1856,4254
1857,6523
1858,2534
1859,2175
1860,3289
1861,2743
1862,111
1863,1388
1864,1609
1865,8936
1866,8683
1867,22
1868,3414
1869,4542
1870,3038
1871,232
1872,5086
1873,7420
1874,256
1875,209
1876,6005
1877,4336
1878,7945
1879,3839
1880,4971
1881,9119
1882,7513
1883,3249
1884,1161
1885,6549
1886,9698
1887,4556
1888,4552
1889,1780
1890,7403
1891,9882
1892,5560
1893,7468
1894,3234
1895,1528
1896,8983
1897,3786
1898,1344
1899,7043
1900,3394
1901,9965
1902,3685
1903,2291
1904,5191
1905,1504
1906,4056
1907,3517
1908,8142
1909,929
1910,9792
1911,5883
1912,9363
1913,6412
1914,831
1915,8454
1916,8068
1917,6926
1918,2923
1919,317
1920,6169
1921,7024
1922,3328
1923,7605
1924,6237
1925,4824
1926,3208
1927,4678
1928,1723
1929,9008
1930,7197
1931,7340
1932,5769
1933,7536
1934,6886
1935,3680
1936,926
1937,2996
1938,564
1939,6276
1940,6924
1941,3174
1942,1761
1943,2246
1944,8540
1945,7881
1946,8475
1947,5300
1948,2679
1949,8477
1950,5063
1951,6740
1952,224
1953,6192
1954,6131
1955,437
1956,5330
1957,2709
1958,8892
1959,2580
1960,1652
1961,3851
1962,6899
1963,4359
1964,9434
1965,6418
1966,8858
1967,2848
1968,944
1969,9791
1970,3270
1971,7220
1972,8757
1973,4862
1974,3668
1975,7390
1976,4607
1977,8215
1978,9024
1979,2487
1980,9287
1981,5311
1982,3664
1983,2882
1984,6861
1985,8776
1986,2289
1987,7350
1988,1844
1989,3356
1990,3211
1991,5438
1992,6757
1993,6212
1994,7855
1995,5547
1996,4601
1997,557
1998,782
1999,6562
2000,5805
2001,9973
2002,4737
2003,5972
2004,6680
2005,8269
2006,2797
2007,4224
2008,5355
2009,8004
2010,7047
2011,1330
2012,2493
2013,7805
2014,6613
2015,1708
2016,4027
2017,5379
2018,6747
2019,4040
2020,6424
2021,6920
2022,5012
2023,9283
2024,4679
2025,1201
2026,1603
2027,5473
2028,8287
2029,6724
2030,2703
2031,2727
2032,8355
2033,4647
2034,4107
2035,9518
2036,1223
2037,6310
2038,9894
2039,9815
2040,2322
2041,5702
2042,8788
2043,2438
2044,4613
2045,2902
2046,4061
2047,1253
2048,4770
2049,9947
2050,4363
2051,3984
2052,4846
2053,7741
2054,5658
2055,1309
2056,9246
2057,2981
2058,4138
2059,748
2060,9615
2061,9199
2062,713
2063,4540
2064,7280
2065,7940
2066,1066
2067,2515
2068,6580
2069,3406
2070,80
2071,6551
2072,1483
2073,1087
2074,2161
2075,7956
2076,8731
2077,4357
2078,5952
2079,5745
2080,9137
2081,5837
2082,6889
2083,5288
2084,3146
2085,4072
2086,2613
2087,3255
2088,8003
2089,4990
2090,1446
2091,15
2092,8430
2093,807
2094,5493
2095,8715
2096,5343
2097,9206
2098,4810
2099,8627
2100,3770
2101,3509
2102,4071
2103,3539
2104,9820
2105,9103
2106,9649
2107,3587
2108,3621
2109,2924
2110,6582
2111,5925
2112,8712
2113,1626
2114,8697
2115,601
2116,9543
2117,5273
2118,6812
2119,7522
2120,5157
2121,4034
2122,7664
2123,8758
2124,8531
2125,5211
2126,1538
2127,3230
2128,4961
2129,2241
2130,9059
2131,1968
2132,3232
2133,9450
2134,7264
2135,6307
2136,2409
2137,2547
2138,9707
2139,4515
2140,9545
2141,4436
2142,1656
2143,9308
2144,6210
2145,9572
2146,665
2147,7012
2148,1673
2149,6714
2150,227
2151,6255
2152,9909
2153,3609
2154,4828
2155,6804
2156,7352
2157,3979
2158,6376
2159,7212
2160,8174
2161,2266
2162,8360
2163,3484
2164,4617
2165,8047
2166,5696
2167,7681
2168,7123
2169,2922
2170,3817
2171,7450
2172,3963
2173,2502
2174,2975
2175,2736
2176,8611
2177,2143
2178,387
2179,3240
2180,720
2181,5766
2182,6565
2183,3715
2184,4743
2185,798
2186,8561
2187,5770
2188,5755
2189,5672
2190,9113
2191,6083
2192,6380
2193,2284
2194,4675
2195,1973
2196,8645
2197,1183
2198,3096
2199,3884
2200,3092
2201,7838
2202,422
2203,5205
2204,721
2205,1237
2206,2697
2207,6173
2208,3545
2209,7442
2210,3051
2211,965
2212,6557
2213,4543
2214,9569
2215,9463
2216,9726
2217,2951
2218,957
2219,8570
2220,9086
2221,3471
2222,3034
2223,607
2224,2578
2225,5680
2226,1987
2227,795
2228,4571
2229,4007
2230,4625
2231,538
2232,5640
2233,1985
2234,4154
2235,7262
2236,1003
2237,9433
2238,9570
2239,7324
2240,9788
2241,8044
2242,3591
2243,3133
2244,3653
2245,9694
2246,453
2247,6863
2248,9559
2249,5842
2250,518
2251,9808
2252,2018
2253,3074
2254,7252
2255,9691
2256,7236
2257,7825
2258,2138
2259,4676
2260,1499
2261,3750
2262,3952
2263,3763
2264,5378
2265,1986
2266,5862
2267,6254
2268,4143
2269,1280
2270,2754
2271,3757
2272,9340
2273,9889
2274,9062
2275,4941
2276,327
2277,3236
2278,7042
2279,7673
2280,6270
2281,7516
2282,7142
2283,8070
2284,1862
2285,6483
2286,3002
2287,6790
2288,242
2289,4488
2290,8762
2291,496
2292,8660
2293,1370
2294,9512
2295,1110
2296,5807
2297,1890
2298,9322
2299,2609
2300,8243
2301,78
2302,5161
2303,9076
2304,3467
2305,829
2306,2077
2307,1885
2308,2071
2309,8694
2310,9525
2311,2979
2312,6213
2313,4088
2314,2446
2315,7537
2316,7748
2317,3824
2318,4243
2319,8846
2320,7423
2321,5559
2322,1770
2323,8966
2324,8277
2325,3762
2326,2349
2327,1171
2328,743
2329,5639
2330,9911
2331,1117
2332,6258
2333,9168
2334,9056
2335,7192
2336,6980
2337,4298
2338,8124
2339,1397
2340,9655
2341,6367
2342,3372
2343,1415
2344,3444
2345,8944
2346,9319
2347,7022
2348,2111
2349,5284
2350,3676
2351,5693
2352,3067
2353,1141
2354,6967
2355,5395
2356,746
2357,5435
2358,4778
2359,8417
2360,1726
2361,6158
2362,4980
2363,8528
2364,4997
2365,1053
2366,974
2367,5786
2368,2803
2369,7422
2370,976
2371,4563
2372,890
2373,5692
2374,6409
2375,6986
2376,7138
2377,8913
2378,4849
2379,8756
2380,1676
2381,2818
2382,9689
2383,6057
2384,7773
2385,7200
2386,2519
2387,726
2388,2656
2389,3951
2390,9409
2391,9332
2392,3832
2393,4541
2394,3259
2395,755
2396,7833
2397,6941
2398,7638
2399,2002
2400,6087
2401,1700
2402,5509
2403,9819
2404,1651
2405,7037
2406,4820
2407,9713
2408,5795
2409,2577
2410,1729
2411,7417
2412,7789
2413,8595
2414,6694
2415,519
2416,2353
2417,3090
2418,2108
2419,884
2420,899
2421,2385
2422,1137
2423,6229
2424,6512
2425,7712
2426,2480
2427,4182
2428,9864
2429,2768
2430,761
2431,5923
2432,8312
2433,4910
2434,258
2435,4248
2436,2307
2437,8298
2438,8692
2439,6006
2440,5521
2441,5920
2442,4220
2443,3688
2444,1031
2445,4163
2446,5187
2447,5648
2448,8693
2449,7831
2450,6624
2451,8847
2452,7074
2453,2245
2454,5212
2455,5084
2456,2875
2457,9318
2458,9068
2459,7464
2460,3846
2461,7921
2462,2530
2463,8905
2464,6754
2465,7172
2466,1434
2467,9078
2468,6668
2469,8960
2470,6616
2471,1130
2472,8138
2473,1293
2474,2270
2475,868
2476,6633
2477,8098
2478,3329
2479,1405
2480,3776
2481,749
2482,6067
2483,6611
2484,664
2485,8059
2486,4819
2487,6337
2488,8072
2489,5158
2490,6392
2491,6266
2492,1352
2493,3217
2494,9927
2495,6296
2496,1991
2497,2102
2498,5230
2499,9873
2500,7372
2501,750
2502,8823
2503,253
2504,3337
2505,4376
2506,6873
2507,464
2508,7876
2509,8995
2510,8074
2511,3155
2512,417
2513,3657
2514,1479
2515,4345
2516,6494
2517,2631
2518,6567
2519,7659
2520,1574
2521,1465
2522,7797
2523,2009
2524,6972
2525,4041
2526,4370
2527,539
2528,3598
2529,8524
2530,555
2531,1350
2532,7447
2533,4629
2534,904
2535,7355
2536,9153
2537,6912
2538,8119
2539,3305
2540,9952
2541,5670
2542,1005
2543,8741
2544,1881
2545,3123
2546,9249
2547,9535
2548,7140
2549,4899
2550,9827
2551,4703
2552,4589
2553,543
2554,9520
2555,2943
2556,6306
2557,767
2558,8375
2559,1704
2560,787
2561,3138
2562,1851
2563,6765
2564,4417
2565,4131
2566,2585
2567,9002
2568,6665
2569,1520
2570,8745
2571,7788
2572,8853
2573,5233
2574,7406
2575,8329
2576,5308
2577,1368
2578,2978
2579,7330
2580,21
2581,8975
2582,8464
2583,9614
2584,8103
2585,7113
2586,7967
2587,8051
2588,138
2589,8147
2590,9489
2591,5663
2592,3182
2593,263
2594,9998
2595,369
2596,6796
2597,5082
2598,9794
2599,5437
2600,1677
2601,71
2602,2748
2603,5771
2604,5106
2605,8986
2606,6959
2607,1689
2608,9530
2609,1793
2610,3497
2611,4342
2612,4172
2613,1193
2614,4497
2615,7990
2616,4360
2617,7010
2618,7251
2619,6287
2620,9631
2621,1705
2622,1879
2623,9739
2624,4446
2625,2105
2626,1680
2627,9517
2628,6755
2629,4595
2630,5055
2631,5746
2632,1127
2633,9475
2634,3731
2635,1163
2636,8009
2637,5703
2638,6271
2639,8811
2640,8225
2641,9737
2642,6206
2643,6077
2644,5297
2645,9858
2646,6274
2647,3869
2648,8471
2649,5841
2650,6352
2651,3188
2652,911
2653,1982
2654,3080
2655,5366
2656,6027
2657,2699
2658,4638
2659,7106
2660,9862
2661,1730
2662,8200
2663,1555
2664,6312
2665,3194
2666,48
2667,5156
2668,4967
2669,3968
2670,7506
2671,5107
2672,5857
2673,960
2674,7232
2675,8991
2676,8256
2677,2936
2678,7783
2679,2775
2680,405
2681,1810
2682,3445
2683,6802
2684,9306
2685,4901
2686,7383
2687,4774
2688,635
2689,5498
2690,1511
2691,6509
2692,1401
2693,7276
2694,2708
2695,4680
2696,8077
2697,9507
2698,7335
2699,9373
2700,3794
2701,6080
2702,2524
2703,6449
2704,4658
2705,9274
2706,644
2707,1685
2708,516
2709,7877
2710,414
2711,8499
2712,7511
2713,8580
2714,330
2715,9676
2716,1834
2717,8963
2718,127
2719,1276
2720,8109
2721,7296
2722,7418
2723,6834
2724,9365
2725,5961
2726,9814
2727,8249
2728,9253
2729,2350
2730,7449
2731,839
2732,4261
2733,9329
2734,3416
2735,1796
2736,4115
2737,6685
2738,5347
2739,4372
2740,5736
2741,229
2742,6239
2743,6905
2744,7093
2745,1422
2746,4746
2747,6789
2748,5169
2749,8875
2750,8324
2751,7325
2752,1547
2753,6797
2754,8769
2755,7744
2756,3978
2757,7131
2758,1345
2759,8014
2760,5515
2761,1100
2762,781
2763,8424
2764,9393
2765,9054
2766,4333
2767,2447
2768,1389
2769,3630
2770,9063
2771,1883
2772,6502
2773,3644
2774,8005
2775,8955
2776,3655
2777,3559
2778,4709
2779,2360
2780,7954
2781,83
2782,379
2783,981
2784,5293
2785,4640
2786,8486
2787,6623
2788,5884
2789,6391
2790,7469
2791,6395
2792,4176
2793,3618
2794,3604
2795,9157
2796,5027
2797,6662
2798,5123
2799,1513
2800,9108
2801,9139
2802,2491
2803,5750
2804,4362
2805,8881
2806,9598
2807,7974
2808,617
2809,881
2810,2257
2811,2031
2812,4113
2813,1436
2814,161
2815,316
2816,5943
2817,5712
2818,2239
2819,2707
2820,8078
2821,6014
2822,30
2823,6029
2824,2966
2825,4066
2826,7684
2827,5567
2828,3619
2829,3724
2830,3056
2831,9666
2832,191
2833,9125
2834,3920
2835,9179
2836,1226
2837,6968
2838,6898
2839,8260
2840,7099
2841,7574
2842,5993
2843,9526
2844,3299
2845,5797
2846,4576
2847,4279
2848,2461
2849,1600
2850,9673
2851,7666
2852,5550
2853,5549
2854,6150
2855,7035
2856,6877
2857,1806
2858,3527
2859,9369
2860,583
2861,7490
2862,3459
2863,3008
2864,9116
2865,3625
2866,9584
2867,5846
2868,9407
2869,1907
2870,5184
2871,7083
2872,5931
2873,2543
2874,5599
2875,6595
2876,6939
2877,2357
2878,6529
2879,8878
2880,6654
2881,3144
2882,6881
2883,3059
2884,2382
2885,20
2886,364
2887,5864
2888,5404
2889,833
2890,948
2891,5286
2892,5234
2893,3175
2894,2830
2895,6526
2896,7541
2897,3819
2898,6273
2899,2180
2900,550
2901,9560
2902,3360
2903,9861
2904,8105
2905,9499
2906,5819
2907,5186
2908,7437
2909,3899
2910,525
2911,1182
2912,4191
2913,3934
2914,754
2915,4099
2916,4903
2917,4214
2918,6363
2919,3013
2920,8126
2921,2581
2922,1909
2923,3841
2924,7306
2925,3749
2926,4350
2927,4232
2928,9617
2929,913
2930,8888
2931,4759
2932,3170
2933,2374
2934,9682
2935,3023
2936,7749
2937,7823
2938,4761
2939,4177
2940,9922
2941,9100
2942,887
2943,4109
2944,6467
2945,1027
2946,8189
2947,4596
2948,1655
2949,5949
2950,2920
2951,1934
2952,1970
2953,7890
2954,9004
2955,8608
2956,5313
2957,6882
2958,9712
2959,971
2960,4371
2961,9581
2962,433
2963,8002
2964,1773
2965,1383
2966,4575
2967,4373
2968,1893
2969,7803
2970,6832
2971,132
2972,8897
2973,6441
2974,2772
2975,7913
2976,8706
2977,9242
2978,6676
2979,6198
2980,8101
2981,896
2982,962
2983,1515
2984,6835
2985,7006
2986,9143
2987,8496
2988,1596
2989,3803
2990,4848
2991,5162
2992,6766
2993,4028
2994,5523
2995,4568
2996,4682
2997,1466
2998,2533
2999,2750
3000,5682
3001,9126
3002,5320
3003,2079
3004,6427
3005,968
3006,7345
3007,8511
3008,4529
3009,7205
3010,4102
3011,4517
3012,588
3013,4009
3014,6113
3015,1131
3016,8244
3017,4374
3018,7134
3019,1706
3020,2729
3021,3825
3022,5207
3023,6629
3024,1887
3025,8577
3026,6400
3027,8274
3028,9986
3029,2588
3030,6234
3031,3736
3032,2117
3033,9378
3034,3320
3035,8399
3036,3692
3037,8351
3038,7628
3039,6828
3040,105
3041,4020
3042,1291
3043,8568
3044,5108
3045,6625
3046,3191
3047,5259
3048,6604
3049,7407
3050,997
3051,8219
3052,4289
3053,7799
3054,5348
3055,8201
3056,8831
3057,3271
3058,920
3059,8332
3060,9876
3061,7644
3062,8460
3063,9183
3064,3308
3065,2655
3066,8108
3067,989
3068,4092
3069,4195
3070,9358
3071,6257
3072,1876
3073,5928
3074,7991
3075,1285
3076,2399
3077,2755
3078,6092
3079,969
3080,9564
3081,4245
3082,474
3083,220
3084,9774
3085,8462
3086,8466
3087,5916
3088,6988
3089,4042
3090,3799
3091,8197
3092,7583
3093,3601
3094,7520
3095,4577
3096,3915
3097,2179
3098,5572
3099,5591
3100,1170
3101,1221
3102,3198
3103,7240
3104,8428
3105,9301
3106,7310
3107,7616
3108,5413
3109,1269
3110,2323
3111,6808
3112,421
3113,1274
3114,4293
3115,6041
3116,9544
3117,2692
3118,1032
3119,931
3120,9936
3121,8263
3122,8537
3123,5576
3124,2988
3125,1244
3126,5536
3127,8288
3128,8000
3129,7960
3130,2776
3131,715
3132,9944
3133,595
3134,8214
3135,1011
3136,482
3137,2390
3138,9764
3139,8045
3140,1077
3141,8172
3142,8343
3143,5808
3144,3855
3145,6687
3146,5134
3147,8565
3148,624
3149,9109
3150,753
3151,5359
3152,2158
3153,334
3154,8365
3155,2153
3156,8883
3157,2770
3158,9759
3159,6989
3160,8947
3161,1927
3162,1551
3163,5529
3164,851
3165,3326
3166,3161
3167,4327
3168,4574
3169,7465
3170,2732
3171,5545
3172,7953
3173,7332
3174,9991
3175,6155
3176,1168
3177,3835
3178,6975
3179,7608
3180,7391
3181,5886
3182,3292
3183,1738
3184,6593
3185,875
3186,6916
3187,1549
3188,3419
3189,2000
3190,7827
3191,5953
3192,2301
3193,7299
3194,7661
3195,2355
3196,4940
3197,4221
3198,5088
3199,6933
3200,949
3201,7926
3202,8492
3203,449
3204,4238
3205,8564
3206,8507
3207,3493
3208,8727
3209,8170
3210,9742
3211,7470
3212,4603
3213,5914
3214,7322
3215,9186
3216,2909
3217,6353
3218,7008
3219,1760
3220,4524
3221,5691
3222,407
3223,68
3224,8445
3225,3061
3226,2123
3227,8835
3228,93
3229,6070
3230,8217
3231,2424
3232,5791
3233,7436
3234,5295
3235,2154
3236,1924
3237,8940
3238,144
3239,2823
3240,7317
3241,1725
3242,8869
3243,1818
3244,9920
3245,9937
3246,8344
3247,9426
3248,4068
3249,2023
3250,9773
3251,412
3252,3738
3253,7585
3254,8526
3255,1019
3256,3345
3257,1525
3258,8880
3259,8093
3260,9679
3261,5331
3262,7693
3263,789
3264,9923
3265,535
3266,5358
3267,6126
3268,5987
3269,7969
3270,6205
3271,5058
3272,6176
3273,2295
3274,8743
3275,6576
3276,7759
3277,6937
3278,6756
3279,954
3280,3777
3281,2616
3282,7454
3283,2265
3284,8096
3285,1527
3286,9608
3287,5135
3288,306
3289,634
3290,399
3291,3098
3292,9582
3293,337
3294,4855
3295,3801
3296,5906
3297,3867
3298,5725
3299,4850
3300,8033
3301,1410
3302,4847
3303,6542
3304,5950
3305,9267
3306,3396
3307,3967
3308,7295
3309,7686
3310,5627
3311,9629
3312,7721
3313,2313
3314,6650
3315,5345
3316,3428
3317,6108
3318,46
3319,9272
3320,2042
3321,6154
3322,5594
3323,1521
3324,3576
3325,4129
3326,6846
3327,3108
3328,5798
3329,5125
3330,1203
3331,4705
3332,5757
3333,1932
3334,1461
3335,5056
3336,8391
3337,6884
3338,5934
3339,1841
3340,2734
3341,702
3342,237
3343,5025
3344,4698
3345,3063
3346,6495
3347,2723
3348,2174
3349,6174
3350,8636
3351,2812
3352,7385
3353,6203
3354,3896
3355,1942
3356,4269
3357,2603
3358,814
3359,4715
3360,6693
3361,4090
3362,2305
3363,8046
3364,7793
3365,4255
3366,1904
3367,9622
3368,1897
3369,311
3370,3409
3371,2142
3372,4144
3373,7376
3374,5772
3375,7092
3376,3129
3377,3233
3378,608
3379,3004
3380,9767
3381,8064
3382,4872
3383,2340
3384,7626
3385,2614
3386,8652
3387,4036
3388,5845
3389,6473
3390,3671
3391,1895
3392,5310
3393,7105
3394,7209
3395,3066
3396,4772
3397,34
3398,3152
3399,5910
3400,842
3401,3046
3402,6223
3403,4646
3404,7194
3405,8234
3406,3878
3407,2421
3408,9527
3409,5478
3410,8817
3411,1337
3412,3582
3413,3181
3414,302
3415,9400
3416,8458
3417,218
3418,4325
3419,655
3420,8989
3421,6913
3422,6090
3423,7143
3424,8011
3425,6171
3426,1048
3427,3348
3428,3740
3429,7948
3430,5676
3431,1151
3432,5586
3433,2690
3434,8969
3435,6943
3436,988
3437,5120
3438,7613
3439,6044
3440,1669
3441,856
3442,3322
3443,4181
3444,8530
3445,5445
3446,1080
3447,7510
3448,5482
3449,4192
3450,2985
3451,8320
3452,7361
3453,2361
3454,5165
3455,6652
3456,7408
3457,9252
3458,4448
3459,7189
3460,157
3461,9412
3462,6674
3463,1624
3464,3376
3465,5546
3466,8816
3467,5428
3468,8730
3469,8841
3470,7924
3471,8154
3472,3810
3473,9221
3474,8574
3475,1148
3476,7471
3477,4982
3478,284
3479,9213
3480,4608
3481,12
3482,6608
3483,6049
3484,9612
3485,2280
3486,7005
3487,7966
3488,5037
3489,9718
3490,9817
3491,4714
3492,8930
3493,9589
3494,7206
3495,204
3496,984
3497,2007
3498,7647
3499,5587
3500,1219
3501,1254
3502,8559
3503,1315
3504,8311
3505,5491
3506,3342
3507,5105
3508,7211
3509,5325
3510,2520
3511,6109
3512,6288
3513,9900
3514,5314
3515,8579
3516,4868
3517,5503
3518,2914
3519,368
3520,3015
3521,403
3522,2204
3523,9871
3524,6475
3525,9996
3526,4950
3527,8436
3528,318
3529,9806
3530,3836
3531,3102
3532,8637
3533,9910
3534,9736
3535,9968
3536,7393
3537,8342
3538,5323
3539,5287
3540,301
3541,2980
3542,270
3543,9590
3544,7816
3545,7824
3546,2379
3547,3118
3548,2629
3549,7032
3550,6264
3551,7584
3552,9992
3553,5860
3554,7228
3555,2376
3556,7764
3557,1783
3558,3442
3559,4944
3560,8326
3561,9848
3562,540
3563,3860
3564,700
3565,4916
3566,7056
3567,1750
3568,8062
3569,5787
3570,3473
3571,8307
3572,6028
3573,5749
3574,9124
3575,7096
3576,7311
3577,3413
3578,7740
3579,4431
3580,2140
3581,9758
3582,9822
3583,5540
3584,4662
3585,7478
3586,8994
3587,4938
3588,5431
3589,4500
3590,7502
3591,2262
3592,7529
3593,1480
3594,5517
3595,2312
3596,7894
3597,8456
3598,3
3599,1877
3600,4954
3601,160
3602,154
3603,7367
3604,6744
3605,2586
3606,8383
3607,7315
3608,4932
3609,1827
3610,5178
3611,7326
3612,2604
3613,9281
3614,7178
3615,9198
3616,2635
3617,9071
3618,7026
3619,9353
3620,4511
3621,8933
3622,9000
3623,354
3624,5010
3625,6731
3626,9210
3627,7975
3628,7518
3629,6244
3630,788
3631,9987
3632,9383
3633,9711
3634,6887
3635,8272
3636,6779
3637,7169
3638,953
3639,9859
3640,4203
3641,7293
3642,5939
3643,3243
3644,9190
3645,9603
3646,639
3647,8
3648,9933
3649,3435
3650,6086
3651,2550
3652,1251
3653,2345
3654,5150
3655,9368
3656,438
3657,1438
3658,2311
3659,5261
3660,5582
3661,4216
3662,3391
3663,5240
3664,1743
3665,3838
3666,8605
3667,2477
3668,260
3669,8091
3670,2263
3671,1691
3672,3834
3673,3767
3674,4620
3675,1566
3676,6445
3677,6332
3678,2866
3679,1777
3680,5219
3681,3856
3682,6285
3683,6879
3684,7316
3685,3947
3686,6888
3687,2488
3688,9066
3689,3242
3690,7448
3691,1476
3692,1406
3693,7845
3694,5726
3695,4895
3696,9352
3697,9521
3698,3718
3699,1357
3700,8232
3701,9538
3702,36
3703,628
3704,6923
3705,3909
3706,9169
3707,6211
3708,561
3709,3811
3710,7539
3711,4151
3712,5685
3713,4242
3714,6821
3715,5673
3716,5448
3717,784
3718,9680
3719,3207
3720,3498
3721,2176
3722,9506
3723,7907
3724,5516
3725,4550
3726,3953
3727,5889
3728,7230
3729,230
3730,991
3731,94
3732,8218
3733,8092
3734,2203
3735,4687
3736,2118
3737,6660
3738,9044
3739,2225
3740,4619
3741,8239
3742,4851
3743,2527
3744,7610
3745,1208
3746,7837
3747,4900
3748,2784
3749,8186
3750,9665
3751,3365
3752,1188
3753,9302
3754,8655
3755,4361
3756,8946
3757,1089
3758,8082
3759,1759
3760,3349
3761,4185
3762,2281
3763,5249
3764,7658
3765,3241
3766,9485
3767,5179
3768,2129
3769,4391
3770,1204
3771,1317
3772,6435
3773,4420
3774,3946
3775,9999
3776,5843
3777,2811
3778,3821
3779,780
3780,7137
3781,8418
3782,5683
3783,3637
3784,2521
3785,1482
3786,4479
3787,3553
3788,5569
3789,2518
3790,7612
3791,3872
3792,1445
3793,8761
3794,4840
3795,4073
3796,3083
3797,4201
3798,7889
3799,843
3800,8253
3801,2494
3802,8907
3803,1362
3804,1861
3805,7286
3806,2471
3807,7886
3808,4891
3809,6777
3810,8245
3811,4783
3812,9715
3813,2827
3814,4686
3815,4695
3816,1460
3817,4842
3818,6094
3819,5904
3820,9786
3821,4388
3822,8646
3823,9802
3824,304
3825,5606
3826,8290
3827,6507
3828,101
3829,102
3830,7868
3831,1540
3832,3940
3833,3848
3834,5462
3835,3981
3836,8236
3837,3042
3838,5508
3839,6921
3840,7702
3841,6844
3842,8845
3843,92
3844,4380
3845,7309
3846,5601
3847,5580
3848,6362
3849,7149
3850,2188
3851,9754
3852,9606
3853,7834
3854,4170
3855,2048
3856,6072
3857,3661
3858,8280
3859,3293
3860,1636
3861,672
3862,4597
3863,5223
3864,7141
3865,5777
3866,7863
3867,6214
3868,3891
3869,9238
3870,4518
3871,565
3872,8168
3873,2642
3874,1852
3875,5669
3876,5047
3877,4435
3878,3924
3879,5969
3880,4180
3881,2150
3882,9710
3883,5422
3884,6292
3885,9558
3886,5268
3887,813
3888,8544
3889,6097
3890,9060
3891,6
3892,3542
3893,2774
3894,2973
3895,4439
3896,6578
3897,8728
3898,5564
3899,4592
3900,3541
3901,9394
3902,8021
3903,5535
3904,69
3905,6855
3906,5856
3907,4006
3908,1531
3909,8113
3910,7224
3911,8997
3912,2298
3913,342
3914,49
3915,6373
3916,2060
3917,6681
3918,2983
3919,9106
3920,2624
3921,4656
3922,1385
3923,3610
3924,1736
3925,8691
3926,5276
3927,1863
3928,3332
3929,6922
3930,8257
3931,4914
3932,5079
3933,2333
3934,4754
3935,2746
3936,9470
3937,7772
3938,3228
3939,8434
3940,5716
3941,1150
3942,1929
3943,7542
3944,1635
3945,3358
3946,6524
3947,1470
3948,7795
3949,5193
3950,1277
3951,5979
3952,185
3953,6355
3954,2157
3955,6822
3956,2568
3957,7351
3958,8099
3959,147
3960,7820
3961,5595
3962,2019
3963,4970
3964,7225
3965,4924
3966,6993
3967,6984
3968,2615
3969,5415
3970,4784
3971,1775
3972,1045
3973,3447
3974,9932
3975,2724
3976,3638
3977,5913
3978,5430
3979,4454
3980,1964
3981,9853
3982,4757
3983,4415
3984,5152
3985,8690
3986,2119
3987,2641
3988,3421
3989,8663
3990,7588
3991,9448
3992,8397
3993,8732
3994,1880
3995,9699
3996,1650
3997,295
3998,3956
3999,3330
4000,8783
4001,1593
4002,3408
4003,6753
4004,1142
4005,8626
4006,4023
4007,5893
4008,8630
4009,6371
4010,7268
4011,6134
4012,1692
4013,4075
4014,3557
4015,7174
4016,5252
4017,7221
4018,6076
4019,2714
4020,4046
4021,8978
4022,9719
4023,1326
4024,5908
4025,1854
4026,8291
4027,3639
4028,5168
4029,2998
4030,4861
4031,7737
4032,7859
4033,6330
4034,745
4035,6679
4036,2156
4037,6726
4038,9261
4039,6063
4040,8296
4041,8924
4042,3257
4043,6543
4044,5145
4045,2148
4046,79
4047,3104
4048,3018
4049,1561
4050,4369
4051,5927
4052,8088
4053,685
4054,6829
4055,9734
4056,5042
4057,6199
4058,6349
4059,2169
4060,1366
4061,6708
4062,4551
4063,9640
4064,5641
4065,5239
4066,3266
4067,2987
4068,5773
4069,8459
4070,9
4071,7438
4072,9732
4073,2135
4074,4623
4075,1290
4076,7291
4077,9643
4078,7239
4079,288
4080,9343
4081,6555
4082,7735
4083,696
4084,4187
4085,1591
4086,3651
4087,7822
4088,8988
4089,6018
4090,9045
4091,7329
4092,9150
4093,6942
4094,5324
4095,3854
4096,4418
4097,6453
4098,3284
4099,7965
4100,3987
4101,8961
4102,5016
4103,1536
4104,9218
4105,6250
4106,3140
4107,6426
4108,3728
4109,9688
4110,2290
4111,4096
4112,8102
4113,3925
4114,7519
4115,9472
4116,1054
4117,8299
4118,1216
4119,5151
4120,5679
4121,1619
4122,6280
4123,3386
4124,6528
4125,477
4126,1092
4127,7461
4128,2294
4129,305
4130,8638
4131,1064
4132,3950
4133,2116
4134,7273
4135,622
4136,3167
4137,6548
4138,4208
4139,4654
4140,6598
4141,534
4142,1949
4143,8276
4144,8874
4145,365
4146,1939
4147,1464
4148,2152
4149,7941
4150,6723
4151,7377
4152,2576
4153,9989
4154,4844
4155,3649
4156,8702
4157,566
4158,179
4159,2195
4160,1597
4161,3531
4162,6773
4163,740
4164,7899
4165,7397
4166,8541
4167,2053
4168,4538
4169,1242
4170,9693
4171,2185
4172,2956
4173,3615
4174,7790
4175,2713
4176,8400
4177,86
4178,1448
4179,2125
4180,7482
4181,6295
4182,1668
4183,2238
4184,2317
4185,5731
4186,1469
4187,9599
4188,3227
4189,2544
4190,1657
4191,9155
4192,8948
4193,9619
4194,5756
4195,2873
4196,8107
4197,7203
4198,3486
4199,135
4200,4411
4201,1281
4202,3168
4203,8917
4204,669
4205,902
4206,3993
4207,8356
4208,1950
4209,3714
4210,909
4211,8385
4212,9440
4213,7491
4214,3481
4215,3580
4216,2793
4217,3852
4218,7758
4219,9660
4220,8487
4221,1287
4222,605
4223,3176
4224,8862
4225,9419
4226,5597
4227,5811
4228,7908
4229,3970
4230,6839
4231,4992
4232,3343
4233,5678
4234,2785
4235,6402
4236,3524
4237,2517
4238,1559
4239,503
4240,1869
4241,425
4242,5285
4243,5229
4244,576
4245,2319
4246,6156
4247,2836
4248,2807
4249,8075
4250,2842
4251,7504
4252,2037
4253,4212
4254,2434
4255,9795
4256,6379
4257,9957
4258,2205
4259,1853
4260,1679
4261,9988
4262,9724
4263,1295
4264,2406
4265,6815
4266,6837
4267,2062
4268,765
4269,5956
4270,3707
4271,5717
4272,3027
4273,5919
4274,661
4275,7108
4276,7819
4277,2840
4278,4470
4279,2597
4280,3258
4281,1740
4282,4083
4283,7046
4284,1923
4285,5877
4286,8169
4287,9685
4288,1367
4289,577
4290,1346
4291,5384
4292,8364
4293,7623
4294,8461
4295,1633
4296,8704
4297,4276
4298,9805
4299,7257
4300,106
4301,8617
4302,2680
4303,3927
4304,6366
4305,8633
4306,844
4307,6188
4308,8657
4309,423
4310,7776
4311,865
4312,3942
4313,4760
4314,3195
4315,4999
4316,8268
4317,6907
4318,6702
4319,1573
4320,2328
4321,4790
4322,3068
4323,9834
4324,6043
4325,228
4326,4716
4327,8596
4328,8864
4329,7571
4330,9244
4331,9145
4332,4984
4333,1523
4334,7124
4335,3883
4336,7480
4337,3340
4338,6387
4339,7540
4340,8578
4341,5964
4342,8090
4343,5526
4344,5406
4345,367
4346,9969
4347,3650
4348,568
4349,8020
4350,2621
4351,6985
4352,4660
4353,3864
4354,3355
4355,7570
4356,2903
4357,4442
4358,2196
4359,2448
4360,8283
4361,2553
4362,2563
4363,118
4364,8515
4365,5831
4366,8666
4367,9128
4368,7122
4369,5019
4370,296
4371,418
4372,7158
4373,2475
4374,922
4375,6170
4376,4206
4377,310
4378,7580
4379,2691
4380,5339
4381,7897
4382,3001
4383,7279
4384,4050
4385,6484
4386,5941
4387,5361
4388,9048
4389,8916
4390,2895
4391,4274
4392,2872
4393,6361
4394,6944
4395,2327
4396,8402
4397,8664
4398,5806
4399,9551
4400,8166
4401,9239
4402,7828
4403,6259
4404,2014
4405,3814
4406,8042
4407,2934
4408,3107
4409,8915
4410,7095
4411,919
4412,3371
4413,9053
4414,7380
4415,9510
4416,805
4417,6311
4418,18
4419,993
4420,1069
4421,6298
4422,360
4423,233
4424,690
4425,4358
4426,8614
4427,1731
4428,9260
4429,2439
4430,9770
4431,9477
4432,6221
4433,2221
4434,7920
4435,6531
4436,6279
4437,7944
4438,3565
4439,5053
4440,6666
4441,6991
4442,606
4443,3380
4444,3297
4445,2365
4446,827
4447,2391
4448,2073
4449,6488
4450,3892
4451,7290
4452,4449
4453,201
4454,2801
4455,6452
4456,1224
4457,7129
4458,9588
4459,7425
4460,1960
4461,3550
4462,6042
4463,9576
4464,6458
4465,4226
4466,4939
4467,6341
4468,3352
4469,28
4470,7526
4471,3605
4472,8073
4473,9291
4474,2184
4475,4440
4476,404
4477,5865
4478,4381
4479,7065
4480,1988
4481,8695
4482,9702
4483,3895
4484,5636
4485,5201
4486,1197
4487,1615
4488,3732
4489,533
4490,1159
4491,9587
4492,9264
4493,5116
4494,8038
4495,671
4496,110
4497,6016
4498,4922
4499,8094
4500,1355
4501,9014
4502,5816
4503,8408
4504,279
4505,2539
4506,2677
4507,2651
4508,3975
4509,5970
4510,3267
4511,476
4512,2730
4513,8292
4514,303
4515,6437
4516,1526
4517,3850
4518,7860
4519,4919
4520,6655
4521,6670
4522,1340
4523,7984
4524,5933
4525,8114
4526,9905
4527,6011
4528,6535
4529,2639
4530,5253
4531,2808
4532,4089
4533,2717
4534,5484
4535,2500
4536,4078
4537,3171
4538,3346
4539,3563
4540,5513
4541,7842
4542,8199
4543,5045
4544,390
4545,5272
4546,4399
4547,2094
4548,5289
4549,254
4550,8112
4551,389
4552,8661
4553,4559
4554,7958
4555,7653
4556,7198
4557,3584
4558,4302
4559,8670
4560,9396
4561,442
4562,9664
4563,9405
4564,8195
4565,6903
4566,8167
4567,1341
4568,5171
4569,6078
4570,3678
4571,5098
4572,5873
4573,4389
4574,7720
4575,1956
4576,9235
4577,8714
4578,3735
4579,9067
4580,8017
4581,156
4582,325
4583,3145
4584,2977
4585,4896
4586,6122
4587,159
4588,3575
4589,3792
4590,8178
4591,8648
4592,4553
4593,758
4594,7433
4595,113
4596,340
4597,9410
4598,7302
4599,7497
4600,172
4601,5353
4602,3164
4603,8752
4604,2356
4605,5829
4606,1629
4607,1167
4608,4069
4609,4239
4610,1175
4611,2862
4612,1917
4613,9102
4614,6068
4615,1785
4616,4986
4617,8333
4618,1121
4619,6928
4620,3931
4621,6034
4622,2675
4623,6220
4624,8270
4625,6118
4626,2643
4627,2277
4628,6190
4629,741
4630,4250
4631,8923
4632,9333
4633,371
4634,4546
4635,5778
4636,3885
4637,5449
4638,9297
4639,2674
4640,6561
4641,942
4642,7850
4643,2871
4644,9114
4645,7166
4646,967
4647,2744
4648,714
4649,5718
4650,979
4651,130
4652,1856
4653,2509
4654,1336
4655,1916
4656,2453
4657,1754
4658,473
4659,9657
4660,2969
4661,7451
4662,689
4663,456
4664,1516
4665,9547
4666,2933
4667,3701
4668,515
4669,2711
4670,9976
4671,6000
4672,7004
4673,9327
4674,1369
4675,8493
4676,4000
4677,4505
4678,8405
4679,2308
4680,8836
4681,5060
4682,6858
4683,1074
4684,8909
4685,6272
4686,2567
4687,2309
4688,3930
4689,5553
4690,6827
4691,8037
4692,943
4693,2762
4694,9135
4695,8594
4696,4591
4697,5978
4698,7818
4699,5333
4700,8910
4701,7328
4702,96
4703,6185
4704,7019
4705,6653
4706,6568
4707,9677
4708,4329
4709,287
4710,4512
4711,7426
4712,451
4713,5796
4714,9037
4715,471
4716,4614
4717,4498
4718,5112
4719,4286
4720,7250
4721,3213
4722,4626
4723,4969
4724,562
4725,2650
4726,4700
4727,4537
4728,38
4729,6133
4730,7088
4731,9311
4732,1672
4733,4878
4734,455
4735,7582
4736,3773
4737,1462
4738,5472
4739,923
4740,9041
4741,668
4742,1427
4743,9972
4744,4458
4745,4994
4746,5409
4747,3802
4748,4395
4749,1029
4750,1343
4751,623
4752,7533
4753,5512
4754,3546
4755,7715
4756,2089
4757,7691
4758,3331
4759,4308
4760,3955
4761,7662
4762,4398
4763,1071
4764,2587
4765,5609
4766,2321
4767,2638
4768,443
4769,2128
4770,7771
4771,7294
4772,6805
4773,6784
4774,3926
4775,6511
4776,6946
4777,26
4778,3097
4779,4101
4780,2269
4781,9841
4782,6539
4783,8423
4784,8987
4785,6204
4786,5401
4787,1683
4788,4485
4789,2535
4790,5719
4791,483
4792,4898
4793,9885
4794,631
4795,7213
4796,2918
4797,9154
4798,616
4799,2749
4800,5488
4801,6275
4802,2498
4803,5356
4804,6739
4805,6010
4806,9728
4807,8775
4808,2072
4809,1364
4810,5655
4811,7030
4812,6472
4813,3588
4814,8052
4815,973
4816,905
4817,5033
4818,3928
4819,744
4820,5434
4821,9166
4822,7028
4823,8699
4824,3483
4825,7695
4826,259
4827,393
4828,4943
4829,458
4830,3761
4831,8469
4832,9452
4833,5097
4834,9893
4835,4014
4836,8485
4837,4310
4838,8241
4839,9765
4840,1351
4841,6867
4842,5452
4843,5511
4844,3093
4845,4328
4846,5848
4847,381
4848,9537
4849,9018
4850,9408
4851,70
4852,1502
4853,7559
4854,9836
4855,5566
4856,5946
4857,638
4858,6945
4859,1747
4860,5828
4861,5730
4862,7705
4863,5985
4864,4570
4865,8463
4866,1546
4867,2850
4868,2315
4869,9625
4870,2449
4871,3321
4872,9176
4873,1214
4874,5474
4875,6324
4876,6705
4877,4622
4878,9439
4879,2786
4880,4278
4881,1335
4882,5414
4883,7678
4884,9083
4885,7857
4886,283
4887,6102
4888,6878
4889,6799
4890,8188
4891,5954
4892,238
4893,2367
4894,5093
4895,2856
4896,7603
4897,7811
4898,282
4899,4814
4900,9488
4901,2682
4902,152
4903,7778
4904,7434
4905,9868
4906,8474
4907,8341
4908,7412
4909,1660
4910,4621
4911,7235
4912,6982
4913,3543
4914,8212
4915,8547
4916,4976
4917,351
4918,3507
4919,2710
4920,6260
4921,9626
4922,5046
4923,7292
4924,4085
4925,3966
4926,7505
4927,4885
4928,3210
4929,7856
4930,8413
4931,429
4932,3515
4933,4116
4934,52
4935,9753
4936,1967
4937,8600
4938,5947
4939,4965
4940,277
4941,8721
4942,7395
4943,9088
4944,6378
4945,4084
4946,8111
4947,1684
4948,5872
4949,2339
4950,728
4951,2051
4952,4609
4953,497
4954,8502
4955,4887
4956,8313
4957,3790
4958,6559
4959,7703
4960,4723
4961,3087
4962,5405
4963,1873
4964,9687
4965,1748
4966,8970
4967,1892
4968,6845
4969,4015
4970,7453
4971,1361
4972,3202
4973,6661
4974,4296
4975,2763
4976,3842
4977,7116
4978,6743
4979,436
4980,8470
4981,5299
4982,8465
4983,5711
4984,9761
4985,7704
4986,1530
4987,2389
4988,3570
4989,8063
4990,3562
4991,4533
4992,7985
4993,6104
4994,598
4995,4528
4996,167
4997,2672
4998,8065
4999,3475
5000,8258
5001,7463
5002,4690
5003,7538
5004,1805
5005,4934
5006,2268
5007,4385
5008,3301
5009,7308
5010,4905
5011,6717
5012,8665
5013,8328
5014,9733
5015,6157
5016,3162
5017,3797
5018,548
5019,7553
5020,6963
5021,9354
5022,1518
5023,4803
5024,3225
5025,4030
5026,4960
5027,4890
5028,3336
5029,3585
5030,4428
5031,4496
5032,4184
5033,6035
5034,660
5035,2469
5036,9040
5037,8514
5038,5260
5039,8136
5040,2984
5041,3399
5042,7866
5043,3159
5044,7986
5045,300
5046,5899
5047,2215
5048,5490
5049,6342
5050,5563
5051,1813
5052,7507
5053,454
5054,1735
5055,1769
5056,8716
5057,2021
5058,75
5059,2877
5060,4455
5061,2341
5062,4762
5063,5944
5064,8309
5065,863
5066,4968
5067,4588
5068,7650
5069,6894
5070,2764
5071,6301
5072,602
5073,6584
5074,120
5075,2859
5076,1541
5077,7874
5078,5892
5079,8089
5080,158
5081,2523
5082,4424
5083,10
5084,7527
5085,3064
5086,6364
5087,4818
5088,8083
5089,8379
5090,4100
5091,3910
5092,5590
5093,1788
5094,4807
5095,6957
5096,1941
5097,1227
5098,3482
5099,7011
5100,2605
5101,3275
5102,6995
5103,7500
5104,1724
5105,401
5106,6643
5107,3114
5108,8198
5109,9331
5110,3153
5111,1456
5112,9830
5113,1154
5114,2387
5115,9662
5116,9778
5117,9659
5118,5419
5119,5607
5120,9621
5121,126
5122,8753
5123,4859
5124,4168
5125,571
5126,2846
5127,1292
5128,3634
5129,1409
5130,970
5131,4277
5132,8904
5133,7550
5134,8381
5135,6050
5136,1363
5137,2145
5138,3620
5139,3889
5140,4964
5141,2134
5142,9497
5143,196
5144,811
5145,3504
5146,8338
5147,2220
5148,2104
5149,4933
5150,9194
5151,6008
5152,9413
5153,2608
5154,1977
5155,6389
5156,9586
5157,6761
5158,8235
5159,268
5160,4335
5161,6425
5162,8959
5163,5251
5164,6948
5165,8937
5166,3597
5167,8894
5168,964
5169,5352
5170,7508
5171,978
5172,1824
5173,691
5174,735
5175,4908
5176,6530
5177,4324
5178,933
5179,7460
5180,3319
5181,9816
5182,3730
5183,5959
5184,6268
5185,4228
5186,6843
5187,1825
5188,2901
5189,7739
5190,8316
5191,8746
5192,2802
5193,1273
5194,6247
5195,1846
5196,6841
5197,7217
5198,9107
5199,7165
5200,9165
5201,5460
5202,8262
5203,2039
5204,4637
5205,8705
5206,2593
5207,3623
5208,3434
5209,8896
5210,7830
5211,8750
5212,9483
5213,1638
5214,3285
5215,5720
5216,2099
5217,8433
5218,8815
5219,1998
5220,7258
5221,4080
5222,6649
5223,8205
5224,7573
5225,9748
5226,8802
5227,762
5228,7680
5229,3387
5230,4684
5231,6082
5232,7277
5233,1055
5234,2397
5235,2571
5236,7278
5237,2170
5238,122
5239,1590
5240,8301
5241,8546
5242,5963
5243,128
5244,7551
5245,880
5246,1632
5247,680
5248,8206
5249,7846
5250,8607
5251,4598
5252,8242
5253,4918
5254,6085
5255,1711
5256,8223
5257,7086
5258,4650
5259,2742
5260,274
5261,4688
5262,678
5263,917
5264,5148
5265,8085
5266,5057
5267,4527
5268,7488
5269,5618
5270,5277
5271,226
5272,9852
5273,893
5274,6600
5275,2431
5276,5250
5277,7568
5278,6051
5279,8097
5280,6422
5281,4256
5282,6770
5283,6334
5284,3506
5285,3344
5286,1665
5287,8685
5288,5126
5289,4777
5290,3150
5291,3627
5292,7802
5293,666
5294,6885
5295,4522
5296,6299
5297,3816
5298,9097
5299,1543
5300,8632
5301,2957
5302,2259
5303,4343
5304,8024
5305,4782
5306,8361
5307,5921
5308,2625
5309,8472
5310,7581
5311,4523
5312,2396
5313,3369
5314,1382
5315,3606
5316,1144
5317,6309
5318,9273
5319,1094
5320,3375
5321,5761
5322,6927
5323,1826
5324,5349
5325,8127
5326,8619
5327,2010
5328,1921
5329,9663
5330,4657
5331,6462
5332,345
5333,1082
5334,8061
5335,6703
5336,4768
5337,9438
5338,3765
5339,838
5340,6405
5341,8012
5342,4773
5343,7048
5344,3199
5345,7753
5346,9336
5347,6707
5348,3665
5349,5630
5350,4612
5351,4419
5352,1097
5353,419
5354,7219
5355,6768
5356,1072
5357,6054
5358,8838
5359,8438
5360,512
5361,6550
5362,806
5363,2450
5364,7591
5365,8229
5366,527
5367,3324
5368,764
5369,8049
5370,7602
5371,2758
5372,3245
5373,5118
5374,7839
5375,9095
5376,4869
5377,4578
5378,8374
5379,9006
5380,6336
5381,9610
5382,5283
5383,2194
5384,3503
5385,472
5386,6286
5387,7489
5388,140
5389,7180
5390,3418
5391,4331
5392,5173
5393,9796
5394,100
5395,1753
5396,1421
5397,9495
5398,5486
5399,5664
5400,1394
5401,3675
5402,7930
5403,9480
5404,528
5405,7320
5406,980
5407,1570
5408,9984
5409,9009
5410,8560
5411,3656
5412,2240
5413,2318
5414,2359
5415,936
5416,3959
5417,3684
5418,7674
5419,4119
5420,377
5421,479
5422,1091
5423,509
5424,2925
5425,4355
5426,6778
5427,4427
5428,4146
5429,4313
5430,1176
5431,7148
5432,5402
5433,2430
5434,2612
5435,5958
5436,1488
5437,4765
5438,2990
5439,3005
5440,6208
5441,3220
5442,1602
5443,3818
5444,1634
5445,7968
5446,4127
5447,7879
5448,6932
5449,7632
5450,9158
5451,2715
5452,4749
5453,1042
5454,9706
5455,5137
5456,5232
5457,1194
5458,8122
5459,710
5460,9162
5461,9515
5462,8501
5463,6809
5464,3136
5465,5668
5466,9096
5467,373
5468,732
5469,3586
5470,6684
5471,7861
5472,2364
5473,8139
5474,1675
5475,4504
5476,8053
5477,2082
5478,8071
5479,730
5480,5008
5481,8954
5482,2804
5483,5822
5484,9376
5485,6701
5486,8137
5487,9425
5488,6302
5489,257
5490,2462
5491,6689
5492,3533
5493,5367
5494,1107
5495,7303
5496,9884
5497,4692
5498,9446
5499,9170
5500,3186
5501,217
5502,4306
5503,2886
5504,8079
5505,8711
5506,3132
5507,56
5508,2330
5509,7723
5510,7934
5511,3667
5512,4469
5513,9667
5514,5124
5515,4477
5516,4725
5517,7055
5518,9869
5519,1050
5520,3709
5521,9913
5522,1240
5523,3721
5524,2144
5525,2067
5526,7800
5527,9746
5528,8207
5529,8294
5530,1205
5531,7767
5532,3449
5533,1577
5534,3095
5535,6493
5536,3911
5537,3538
5538,2006
5539,3741
5540,1922
5541,5410
5542,411
5543,441
5544,5815
5545,5470
5546,5983
5547,8358
5548,4742
5549,7732
5550,5083
5551,4094
5552,9731
5553,4494
5554,7033
5555,918
5556,8145
5557,4627
5558,1318
5559,6876
5560,2192
5561,7495
5562,2735
5563,8899
5564,183
5565,7070
5566,8925
5567,2146
5568,8535
5569,2972
5570,5094
5571,4893
5572,344
5573,1552
5574,3368
5575,886
5576,1741
5577,8048
5578,3031
5579,2826
5580,2993
5581,1180
5582,8957
5583,5044
5584,291
5585,9863
5586,2092
5587,7287
5588,790
5589,77
5590,7087
5591,2435
5592,5792
5593,7327
5594,9926
5595,4605
5596,8829
5597,6370
5598,6103
5599,7548
5600,3173
5601,5686
5602,2069
5603,9747
5604,3681
5605,8659
5606,7389
5607,7994
5608,906
5609,8942
5610,4334
5611,6745
5612,1235
5613,6228
5614,8442
5615,8401
5616,4973
5617,8935
5618,3868
5619,9187
5620,4237
5621,1321
5622,1496
5623,1901
5624,6359
5625,4284
5626,3706
5627,5596
5628,2813
5629,1539
5630,8140
5631,7618
5632,6421
5633,8818
5634,4162
5635,1510
5636,9338
5637,6947
5638,2310
5639,1637
5640,2093
5641,3874
5642,3364
5643,4981
5644,6795
5645,8479
5646,5350
5647,7606
5648,1004
5649,5189
5650,4531
5651,2591
5652,4972
5653,5835
5654,5998
5655,2034
5656,6964
5657,1404
5658,2200
5659,3065
5660,5667
5661,1733
5662,847
5663,197
5664,8448
5665,9360
5666,8609
5667,6521
5668,6372
5669,2454
5670,6931
5671,2531
5672,2525
5673,2683
5674,1875
5675,6163
5676,6491
5677,1943
5678,4655
5679,6313
5680,7730
5681,1972
5682,116
5683,5304
5684,4639
5685,9304
5686,8735
5687,8927
5688,2741
5689,2648
5690,5254
5691,6570
5692,307
5693,174
5694,6019
5695,9348
5696,3070
5697,9678
5698,410
5699,392
5700,9374
5701,9277
5702,1329
5703,370
5704,7476
5705,4465
5706,1012
5707,530
5708,7709
5709,8106
5710,1933
5711,5817
5712,6587
5713,2324
5714,5532
5715,8340
5716,3501
5717,793
5718,6243
5719,8233
5720,816
5721,1836
5722,5417
5723,7402
5724,5850
5725,4413
5726,1113
5727,2090
5728,2916
5729,6382
5730,4702
5731,5453
5732,3382
5733,4779
5734,587
5735,799
5736,9185
5737,8441
5738,9142
5739,1210
5740,7557
5741,5821
5742,1795
5743,7118
5744,4555
5745,1222
5746,2864
5747,8406
5748,6695
5749,1452
5750,5444
5751,9476
5752,5728
5753,2416
5754,4065
5755,3847
5756,5975
5757,719
5758,3400
5759,249
5760,4077
5761,4219
5762,2704
5763,1304
5764,8177
5765,1375
5766,6938
5767,7596
5768,5852
5769,8631
5770,395
5771,4299
5772,9245
5773,8517
5774,4648
5775,5528
5776,6046
5777,8682
5778,7494
5779,25
5780,5274
5781,362
5782,7029
5783,1529
5784,3747
5785,1207
5786,7641
5787,8943
5788,3388
5789,4962
5790,3011
5791,4554
5792,9471
5793,3073
5794,1432
5795,3969
5796,2911
5797,2320
5798,6628
5799,2659
5800,1937
5801,6892
5802,8026
5803,5578
5804,8624
5805,1575
5806,2075
5807,4989
5808,4037
5809,3772
5810,8213
5811,8429
5812,5004
5813,8491
5814,7255
5815,8625
5816,4281
5817,7917
5818,641
5819,2954
5820,7927
5821,9222
5822,186
5823,8504
5824,4699
5825,8431
5826,1864
5827,5480
5828,5724
5829,5605
5830,2033
5831,3882
5832,4445
5833,3547
5834,4375
5835,6965
5836,7185
5837,1229
5838,5574
5839,9386
5840,554
5841,2932
5842,3338
5843,1157
5844,3760
5845,1044
5846,8822
5847,2554
5848,1976
5849,16
5850,331
5851,4064
5852,1305
5853,2433
5854,9891
5855,4864
5856,4148
5857,9366
5858,5228
5859,2546
5860,1308
5861,7729
5862,8922
5863,3033
5864,4630
5865,1772
5866,11
5867,7592
5868,579
5869,6919
5870,3923
5871,5059
5872,9027
5873,6563
5874,5940
5875,5738
5876,4231
5877,5373
5878,7821
5879,3134
5880,7517
5881,8684
5882,8709
5883,5332
5884,2583
5885,2249
5886,5759
5887,1256
5888,6929
5889,6857
5890,5029
5891,2081
5892,3901
5893,5203
5894,9574
5895,7901
5896,89
5897,9995
5898,9204
5899,5505
5900,2256
5901,2959
5902,323
5903,155
5904,1225
5905,37
5906,6303
5907,9127
5908,4251
5909,2190
5910,2236
5911,2570
5912,1599
5913,7168
5914,6256
5915,9200
5916,4904
5917,7692
5918,8613
5919,7068
5920,3362
5921,9224
5922,2285
5923,679
5924,1994
5925,5610
5926,1993
5927,133
5928,3502
5929,3727
5930,7663
5931,4857
5932,1532
5933,4183
5934,7844
5935,7683
5936,8939
5937,4193
5938,3455
5939,7983
5940,1845
5941,2267
5942,9906
5943,1715
5944,3072
5945,3510
5946,6436
5947,7359
5948,481
5949,4530
5950,2720
5951,1090
5952,7050
5953,1443
5954,1767
5955,205
5956,3420
5957,1578
5958,1965
5959,8230
5960,4978
5961,9337
5962,5948
5963,7779
5964,39
5965,7410
5966,8171
5967,1714
5968,6393
5969,6167
5970,6322
5971,4024
5972,8852
5973,7752
5974,7654
5975,2276
5976,1891
5977,8451
5978,2484
5979,1393
5980,8161
5981,6290
5982,293
5983,5213
5984,9422
5985,1398
5986,4928
5987,7173
5988,1212
5989,9565
5990,8791
5991,6914
5992,736
5993,6009
5994,3617
5995,2415
5996,6007
5997,4873
5998,1888
5999,8982
6000,8572
6001,199
6002,6222
6003,1213
6004,9090
6005,4225
6006,5499
6007,4606
6008,6750
6009,2083
6010,4827
6011,708
6012,6207
6013,478
6014,2242
6015,2337
6016,1698
6017,4642
6018,4290
6019,3306
6020,4060
6021,7995
6022,5833
6023,7270
6024,2513
6025,4776
6026,3327
6027,9161
6028,6960
6029,3379
6030,9931
6031,7356
6032,8378
6033,5554
6034,6319
6035,3462
6036,3695
6037,8032
6038,941
6039,6612
6040,1803
6041,5391
6042,7547
6043,7146
6044,3351
6045,4315
6046,6417
6047,6510
6048,604
6049,2300
6050,6552
6051,3755
6052,3048
6053,5237
6054,6236
6055,264
6056,8860
6057,7017
6058,2096
6059,4581
6060,5698
6061,5021
6062,9514
6063,8725
6064,3708
6065,7486
6066,2814
6067,9855
6068,5768
6069,8953
6070,6656
6071,2695
6072,846
6073,6284
6074,6615
6075,6329
6076,9309
6077,6187
6078,1118
6079,7202
6080,7063
6081,480
6082,8938
6083,1365
6084,3556
6085,7242
6086,1732
6087,5316
6088,826
6089,6909
6090,7962
6091,3253
6092,3902
6093,3904
6094,9123
6095,8251
6096,9079
6097,4884
6098,4845
6099,7963
6100,688
6101,9451
6102,2147
6103,892
6104,9895
6105,8708
6106,149
6107,9377
6108,7736
6109,3573
6110,5637
6111,1995
6112,3385
6113,4476
6114,7216
6115,6842
6116,4263
6117,5687
6118,667
6119,54
6120,8123
6121,9562
6122,6251
6123,9837
6124,2815
6125,6833
6126,4766
6127,7196
6128,8415
6129,97
6130,269
6131,3165
6132,4158
6133,5368
6134,7231
6135,7233
6136,3935
6137,6398
6138,4407
6139,9723
6140,3339
6141,4590
6142,5874
6143,1919
6144,8350
6145,2623
6146,6152
6147,7697
6148,9607
6149,1403
6150,9351
6151,9928
6152,2628
6153,996
6154,3791
6155,1377
6156,2837
6157,5101
6158,1123
6159,5847
6160,396
6161,9085
6162,8352
6163,2849
6164,3055
6165,8718
6166,4937
6167,5074
6168,3311
6169,1859
6170,5624
6171,883
6172,7379
6173,9391
6174,1267
6175,6369
6176,610
6177,8153
6178,2566
6179,7726
6180,9453
6181,9203
6182,499
6183,7746
6184,524
6185,3646
6186,6741
6187,5851
6188,4539
6189,3470
6190,3828
6191,8187
6192,8651
6193,247
6194,797
6195,5329
6196,5562
6197,4825
6198,3286
6199,9843
6200,7363
6201,6476
6202,2939
6203,5266
6204,8851
6205,9650
6206,6639
6207,1819
6208,7567
6209,4730
6210,6232
6211,9346
6212,8672
6213,9379
6214,5514
6215,6267
6216,6760
6217,1152
6218,6981
6219,8184
6220,3831
6221,7784
6222,2411
6223,3600
6224,8529
6225,9865
6226,398
6227,8906
6228,3756
6229,2401
6230,9966
6231,2490
6232,5688
6233,704
6234,8686
6235,2455
6236,2066
6237,2074
6238,9265
6239,7851
6240,7432
6241,4079
6242,5608
6243,7794
6244,1174
6245,8903
6246,1013
6247,3686
6248,9072
6249,7734
6250,194
6251,5905
6252,4275
6253,1595
6254,5689
6255,9860
6256,7078
6257,1333
6258,5050
6259,9534
6260,9618
6261,9147
6262,5465
6263,2227
6264,9110
6265,7756
6266,2962
6267,9653
6268,3917
6269,6803
6270,5370
6271,8534
6272,6742
6273,9961
6274,7186
6275,9026
6276,2264
6277,3003
6278,3438
6279,4947
6280,2781
6281,2688
6282,5221
6283,3581
6284,2091
6285,3929
6286,4795
6287,7381
6288,8799
6289,195
6290,9457
6291,3377
6292,1111
6293,1507
6294,3659
6295,3711
6296,2931
6297,3989
6298,9115
6299,1702
6300,1408
6301,7809
6302,7932
6303,4257
6304,9269
6305,2478
6306,7170
6307,5583
6308,7728
6309,244
6310,9236
6311,9473
6312,2646
6313,1969
6314,4480
6315,8377
6316,7443
6317,2386
6318,2906
6319,3787
6320,5557
6321,8999
6322,8770
6323,7312
6324,9070
6325,8481
6326,3995
6327,391
6328,4062
6329,308
6330,2178
6331,3812
6332,2400
6333,1695
6334,717
6335,6522
6336,2852
6337,4661
6338,9577
6339,7952
6340,8889
6341,1477
6342,7499
6343,8293
6344,3954
6345,5662
6346,3303
6347,7813
6348,420
6349,2760
6350,903
6351,1514
6352,8336
6353,31
6354,8814
6355,5382
6356,8808
6357,7128
6358,5457
6359,9316
6360,5901
6361,9686
6362,5226
6363,6486
6364,907
6365,1271
6366,3415
6367,3697
6368,50
6369,1688
6370,9411
6371,4025
6372,1134
6373,687
6374,6840
6375,3432
6376,9639
6377,9881
6378,2753
6379,4926
6380,131
6381,756
6382,9131
6383,2694
6384,9741
6385,7015
6386,2088
6387,7222
6388,2423
6389,9465
6390,8100
6391,7971
6392,621
6393,670
6394,6786
6395,7611
6396,3269
6397,998
6398,5613
6399,613
6400,1820
6401,8266
6402,9533
6403,7089
6404,3932
6405,4209
6406,5279
6407,3109
6408,940
6409,8839
6410,8863
6411,5988
6412,6901
6413,4764
6414,7318
6415,897
6416,5403
6417,4879
6418,5965
6419,5138
6420,3280
6421,8763
6422,3511
6423,207
6424,9293
6425,7765
6426,5241
6427,1360
6428,3746
6429,6688
6430,3366
6431,5471
6432,2528
6433,5882
6434,9616
6435,1830
6436,786
6437,4758
6438,986
6439,5001
6440,1744
6441,7110
6442,5341
6443,878
6444,3914
6445,8976
6446,5812
6447,6487
6448,9744
6449,9295
6450,4273
6451,8319
6452,5780
6453,6519
6454,2426
6455,3158
6456,4822
6457,8128
6458,328
6459,5945
6460,1257
6461,4707
6462,1243
6463,822
6464,8843
6465,6117
6466,7117
6467,4468
6468,9566
6469,5649
6470,1537
6471,4038
6472,5501
6473,87
6474,4920
6475,6025
6476,8950
6477,9874
6478,9122
6479,8084
6480,8440
6481,6323
6482,7998
6483,7554
6484,2940
6485,8203
6486,9669
6487,7018
6488,1641
6489,1063
6490,2016
6491,8616
6492,615
6493,3888
6494,7245
6495,4452
6496,5647
6497,5492
6498,1247
6499,3272
6500,5376
6501,1016
6502,3099
6503,9263
6504,9449
6505,3248
6506,7563
6507,4604
6508,4189
6509,9627
6510,9696
6511,2362
6512,326
6513,6906
6514,9160
6515,2183
6516,1713
6517,1719
6518,6592
6519,8080
6520,6621
6521,4471
6522,4800
6523,8919
6524,3122
6525,5142
6526,6161
6527,8556
6528,8583
6529,5651
6530,1325
6531,5362
6532,9080
6533,168
6534,1178
6535,8058
6536,9964
6537,9856
6538,4672
6539,4645
6540,9486
6541,8508
6542,2314
6543,8621
6544,9963
6545,2617
6546,574
6547,8801
6548,3062
6549,9949
6550,4624
6551,7382
6552,2777
6553,7253
6554,663
6555,6870
6556,366
6557,1678
6558,7210
6559,4294
6560,7053
6561,8210
6562,1850
6563,3876
6564,4351
6565,862
6566,3564
6567,6635
6568,3494
6569,7906
6570,2834
6571,9810
6572,1508
6573,3218
6574,63
6575,9840
6576,6630
6577,2218
6578,7115
6579,7724
6580,5555
6581,1614
6582,494
6583,7334
6584,5340
6585,4222
6586,1610
6587,447
6588,5834
6589,7935
6590,792
6591,7597
6592,1413
6593,5868
6594,5754
6595,9797
6596,8603
6597,3789
6598,2532
6599,6015
6600,4917
6601,2965
6602,9492
6603,4260
6604,3012
6605,1572
6606,1952
6607,9401
6608,1158
6609,4258
6610,9164
6611,3279
6612,7171
6613,3268
6614,1556
6615,5481
6616,2470
6617,6327
6618,6414
6619,6456
6620,4174
6621,650
6622,7049
6623,125
6624,7565
6625,1659
6626,5622
6627,6996
6628,1562
6629,9826
6630,867
6631,5327
6632,5214
6633,9430
6634,2968
6635,2404
6636,1314
6637,8500
6638,3201
6639,2791
6640,1920
6641,4441
6642,832
6643,7456
6644,2511
6645,8990
6646,2913
6647,7071
6648,8282
6649,440
6650,7319
6651,2054
6652,8804
6653,2844
6654,9971
6655,8857
6656,5853
6657,1787
6658,3040
6659,2548
6660,9459
6661,5263
6662,8738
6663,4534
6664,837
6665,4097
6666,7164
6667,6682
6668,5176
6669,2059
6670,5748
6671,4215
6672,4793
6673,2611
6674,1798
6675,8668
6676,2369
6677,9380
6678,349
6679,9636
6680,7572
6681,5436
6682,5204
6683,7915
6684,3254
6685,596
6686,6191
6687,2041
6688,2402
6689,5095
6690,107
6691,5421
6692,7027
6693,3775
6694,4892
6695,7358
6696,7598
6697,7313
6698,6658
6699,4130
6700,9880
6701,8629
6702,1858
6703,8120
6704,592
6705,7153
6706,5305
6707,6144
6708,537
6709,8941
6710,2496
6711,3231
6712,2751
6713,9285
6714,7888
6715,3980
6716,7631
6717,7347
6718,3106
6719,8828
6720,3239
6721,9020
6722,5912
6723,6586
6724,7487
6725,8866
6726,3766
6727,6347
6728,4058
6729,7446
6730,6673
6731,8192
6732,1774
6733,4423
6734,3436
6735,6700
6736,5136
6737,977
6738,8410
6739,3125
6740,5
6741,4995
6742,7404
6743,3602
6744,3526
6745,5620
6746,4106
6747,4548
6748,5996
6749,4958
6750,2660
6751,4155
6752,855
6753,7371
6754,8790
6755,8157
6756,6056
6757,1299
6758,4720
6759,3235
6760,8019
6761,5598
6762,3890
6763,1843
6764,7282
6765,1014
6766,3753
6767,1957
6768,6865
6769,3094
6770,9011
6771,4812
6772,2065
6773,4631
6774,5885
6775,9474
6776,9418
6777,9721
6778,5677
6779,4321
6780,6554
6781,9219
6782,7077
6783,1342
6784,7125
6785,4801
6786,7590
6787,4087
6788,1266
6789,5096
6790,4881
6791,3437
6792,8576
6793,9644
6794,3913
6795,1359
6796,8792
6797,1734
6798,5575
6799,8321
6800,9771
6801,3589
6802,3999
6803,2052
6804,5888
6805,2485
6806,8252
6807,7307
6808,6053
6809,2964
6810,2780
6811,6871
6812,2186
6813,8306
6814,5014
6815,8057
6816,4789
6817,6851
6818,2208
6819,5966
6820,4838
6821,5543
6822,6728
6823,9757
6824,7368
6825,6908
6826,2172
6827,8911
6828,9315
6829,7607
6830,3945
6831,840
6832,84
6833,2573
6834,9390
6835,5420
6836,2805
6837,8901
6838,3205
6839,3383
6840,7893
6841,3788
6842,6692
6843,2234
6844,4925
6845,2669
6846,5290
6847,4198
6848,8421
6849,6544
6850,2214
6851,2838
6852,7343
6853,4927
6854,7441
6855,3359
6856,2647
6857,3247
6858,2806
6859,9580
6860,5810
6861,1088
6862,1135
6863,895
6864,4794
6865,9255
6866,4332
6867,9370
6868,9228
6869,5451
6870,1485
6871,1694
6872,4953
6873,701
6874,4432
6875,5942
6876,9850
6877,6023
6878,4889
6879,1984
6880,108
6881,9032
6882,2460
6883,5127
6884,502
6885,1018
6886,382
6887,5917
6888,7261
6889,5775
6890,8689
6891,8250
6892,9188
6893,1581
6894,5282
6895,3807
6896,2545
6897,8734
6898,532
6899,6637
6900,8914
6901,9296
6902,5111
6903,3843
6904,3325
6905,74
6906,5660
6907,3796
6908,551
6909,556
6910,4213
6911,6710
6912,4197
6913,6712
6914,5565
6915,7266
6916,9749
6917,7339
6918,9684
6919,3572
6920,347
6921,314
6922,4316
6923,1696
6924,5243
6925,7780
6926,1447
6927,3943
6928,8521
6929,8444
6930,9294
6931,1563
6932,4521
6933,6431
6934,5244
6935,5659
6936,7045
6937,8125
6938,900
6939,6997
6940,278
6941,7243
6942,6574
6943,3734
6944,8813
6945,1007
6946,2004
6947,3407
6948,3151
6949,2663
6950,8679
6951,9021
6952,9279
6953,2254
6954,3662
6955,563
6956,5196
6957,925
6958,4262
6959,7227
6960,2950
6961,2986
6962,1145
6963,5464
6964,3865
6965,289
6966,5976
6967,8587
6968,4140
6969,6411
6970,9016
6971,491
6972,309
6973,9845
6974,6444
6975,2414
6976,2907
6977,6859
6978,9953
6979,4871
6980,9443
6981,3607
6982,5646
6983,4867
6984,2056
6985,6781
6986,5602
6987,4805
6988,4894
6989,6622
6990,4456
6991,5479
6992,3893
6993,8569
6994,4001
6995,3169
6996,8912
6997,2637
6998,1028
6999,2590
7000,8372
7001,9604
7002,3693
7003,5955
7004,2756
7005,4959
7006,2726
7007,1263
7008,9661
7009,1245
7010,8247
7011,9084
7012,1778
7013,2927
7014,7530
7015,6365
7016,6357
7017,1306
7018,8784
7019,5018
7020,7675
7021,9542
7022,4171
7023,6961
7024,9924
7025,2652
7026,6729
7027,2942
7028,7031
7029,7900
7030,2869
7031,9539
7032,7652
7033,7579
7034,1322
7035,5721
7036,250
7037,2686
7038,1484
7039,2171
7040,6953
7041,4836
7042,7622
7043,3427
7044,6406
7045,5739
7046,8031
7047,8386
7048,8387
7049,2562
7050,4815
7051,1001
7052,9554
7053,9220
7054,9350
7055,9828
7056,3317
7057,1981
7058,2352
7059,121
7060,5577
7061,651
7062,1746
7063,619
7064,234
7065,8346
7066,9038
7067,9717
7068,9292
7069,5441
7070,4444
7071,8669
7072,2464
7073,4694
7074,643
7075,8008
7076,3121
7077,4823
7078,2503
7079,1133
7080,5023
7081,3479
7082,5890
7083,5357
7084,3916
7085,9692
7086,5131
7087,6949
7088,1868
7089,2497
7090,3430
7091,8407
7092,4912
7093,4839
7094,7973
7095,8820
7096,712
7097,600
7098,4188
7099,2303
7100,9229
7101,8353
7102,8144
7103,541
7104,3900
7105,819
7106,1102
7107,2358
7108,6772
7109,2304
7110,2953
7111,7655
7112,6224
7113,1265
7114,3131
7115,2394
7116,8134
7117,4883
7118,9049
7119,1838
7120,5442
7121,5968
7122,8115
7123,2248
7124,9851
7125,778
7126,5030
7127,5504
7128,1239
7129,8152
7130,1554
7131,7667
7132,3964
7133,7810
7134,1789
7135,1647
7136,8022
7137,727
7138,3347
7139,3263
7140,4876
7141,319
7142,9105
7143,6606
7144,2598
7145,357
7146,5141
7147,1568
7148,9359
7149,9180
7150,882
7151,5653
7152,3574
7153,6242
7154,8322
7155,4507
7156,6536
7157,9600
7158,3294
7159,5258
7160,7305
7161,8159
7162,9563
7163,4751
7164,3260
7165,3468
7166,9211
7167,2589
7168,7419
7169,2551
7170,4252
7171,1979
7172,6320
7173,8357
7174,4356
7175,4142
7176,7445
7177,7040
7178,2822
7179,9243
7180,864
7181,682
7182,5174
7183,7136
7184,5709
7185,5507
7186,3440
7187,6504
7188,4353
7189,7483
7190,2810
7191,982
7192,8376
7193,6249
7194,4696
7195,2745
7196,8368
7197,7989
7198,9436
7199,6253
7200,9756
7201,5227
7202,5902
7203,2101
7204,7656
7205,5684
7206,2486
7207,3499
7208,4569
7209,4098
7210,4268
7211,6974
7212,9042
7213,3353
7214,292
7215,8231
7216,9174
7217,5930
7218,5907
7219,7331
7220,7817
7221,673
7222,2375
7223,8533
7224,5143
7225,1386
7226,599
7227,6675
7228,1758
7229,9672
7230,8974
7231,505
7232,7072
7233,1948
7234,7373
7235,5133
7236,1324
7237,1399
7238,6952
7239,3035
7240,7416
7241,2941
7242,5364
7243,4811
7244,9231
7245,4167
7246,760
7247,1425
7248,4691
7249,2113
7250,3988
7251,5208
7252,280
7253,6738
7254,8513
7255,5506
7256,5715
7257,3703
7258,2561
7259,6004
7260,6410
7261,5371
7262,5633
7263,5024
7264,184
7265,8388
7266,995
7267,4349
7268,1155
7269,6971
7270,6691
7271,5231
7272,6066
7273,5246
7274,4383
7275,8789
7276,1463
7277,5519
7278,8143
7279,8371
7280,439
7281,4434
7282,2948
7283,9216
7284,7694
7285,6024
7286,5813
7287,8581
7288,5087
7289,8873
7290,8700
7291,67
7292,2481
7293,9671
7294,2892
7295,8158
7296,3751
7297,9402
7298,7706
7299,8221
7300,7424
7301,2335
7302,4063
7303,1918
7304,2938
7305,1025
7306,8962
7307,1153
7308,1449
7309,7392
7310,4207
7311,9769
7312,1395
7313,7076
7314,9967
7315,8392
7316,3309
7317,8658
7318,6059
7319,7440
7320,7964
7321,9605
7322,3446
7323,1372
7324,955
7325,3206
7326,2127
7327,4796
7328,4270
7329,1301
7330,9091
7331,8314
7332,5104
7333,7336
7334,8837
7335,1755
7336,4963
7337,248
7338,3224
7339,796
7340,2854
7341,2722
7342,1328
7343,5387
7344,8698
7345,7435
7346,1440
7347,9683
7348,3139
7349,8650
7350,6166
7351,7997
7352,2044
7353,3906
7354,3877
7355,2299
7356,5262
7357,2189
7358,514
7359,7531
7360,2879
7361,4403
7362,1905
7363,1961
7364,9633
7365,9958
7366,6148
7367,2538
7368,4564
7369,7060
7370,5064
7371,7812
7372,7942
7373,4
7374,3992
7375,3312
7376,9907
7377,1384
7378,6454
7379,1246
7380,5635
7381,2832
7382,4339
7383,2380
7384,1889
7385,5238
7386,2
7387,2436
7388,7912
7389,2413
7390,2800
7391,6930
7392,5225
7393,804
7394,5814
7395,5826
7396,966
7397,7369
7398,9505
7399,8370
7400,3411
7401,9950
7402,5400
7403,3961
7404,734
7405,1128
7406,4641
7407,8160
7408,938
7409,4317
7410,7073
7411,4832
7412,8979
7413,8575
7414,8967
7415,2306
7416,4921
7417,352
7418,5132
7419,9403
7420,6764
7421,8056
7422,2935
7423,6762
7424,5139
7425,2222
7426,9421
7427,1474
7428,13
7429,866
7430,4594
7431,2795
7432,2109
7433,9146
7434,7589
7435,8403
7436,8227
7437,9745
7438,7259
7439,3949
7440,469
7441,385
7442,3204
7443,1165
7444,1298
7445,380
7446,5584
7447,9575
7448,4118
7449,3716
7450,1414
7451,8972
7452,1179
7453,3184
7454,7353
7455,4347
7456,3785
7457,4266
7458,4600
7459,4031
7460,6182
7461,9275
7462,1840
7463,7643
7464,9330
7465,1098
7466,1658
7467,4668
7468,43
7469,1129
7470,1594
7471,8409
7472,7609
7473,7181
7474,9571
7475,6540
7476,6721
7477,6646
7478,6532
7479,8696
7480,2890
7481,6801
7482,3190
7483,2765
7484,2417
7485,4430
7486,5699
7487,5175
7488,6730
7489,1870
7490,3178
7491,2937
7492,1707
7493,5520
7494,3025
7495,5518
7496,5144
7497,5335
7498,1618
7499,8081
7500,153
7501,5626
7502,1338
7503,2209
7504,2432
7505,9596
7506,7057
7507,9163
7508,5183
7509,7349
7510,1631
7511,1693
7512,1781
7513,1075
7514,2199
7515,7176
7516,818
7517,275
7518,6999
7519,415
7520,4320
7521,4514
7522,3049
7523,3519
7524,9061
7525,2115
7526,3281
7527,1217
7528,8586
7529,9921
7530,2271
7531,2040
7532,6645
7533,1459
7534,5459
7535,6499
7536,7668
7537,5990
7538,8117
7539,7399
7540,299
7541,6181
7542,3905
7543,523
7544,8859
7545,2181
7546,7135
7547,7
7548,1116
7549,6262
7550,9716
7551,1037
7552,8076
7553,9720
7554,2790
7555,3554
7556,2718
7557,5066
7558,9035
7559,6384
7560,2288
7561,9511
7562,4579
7563,9248
7564,8165
7565,5170
7566,3669
7567,4104
7568,928
7569,3037
7570,9209
7571,1454
7572,9899
7573,1721
7574,5322
7575,4874
7576,6390
7577,7939
7578,1849
7579,8354
7580,9003
7581,6780
7582,8337
7583,7629
7584,3373
7585,614
7586,6978
7587,7082
7588,9929
7589,6360
7590,7961
7591,3774
7592,3252
7593,800
7594,1026
7595,2112
7596,771
7597,2627
7598,4013
7599,1147
7600,4935
7601,2658
7602,8641
7603,2233
7604,2929
7605,586
7606,8592
7607,8483
7608,8553
7609,4987
7610,7562
7611,4508
7612,4409
7613,1878
7614,6315
7615,6983
7616,5278
7617,3019
7618,6073
7619,8040
7620,9372
7621,3516
7622,5041
7623,5869
7624,7226
7625,3069
7626,9974
7627,9001
7628,1312
7629,594
7630,8985
7631,1498
7632,1455
7633,809
7634,3569
7635,8259
7636,1865
7637,1930
7638,8222
7639,150
7640,5072
7641,4863
7642,9594
7643,14
7644,8549
7645,6386
7646,2392
7647,5009
7648,8590
7649,7993
7650,6115
7651,6696
7652,9133
7653,5732
7654,5275
7655,4649
7656,2441
7657,465
7658,2139
7659,5840
7660,4457
7661,4070
7662,8993
7663,2944
7664,3116
7665,76
7666,8562
7667,2522
7668,5932
7669,9384
7670,8028
7671,4135
7672,8339
7673,1076
7674,9415
7675,5790
7676,3126
7677,4547
7678,3431
7679,2759
7680,5426
7681,1764
7682,6492
7683,3674
7684,4653
7685,5149
7686,3997
7687,5604
7688,2501
7689,7496
7690,627
7691,115
7692,7428
7693,3115
7694,9023
7695,7671
7696,737
7697,5117
7698,2847
7699,3265
7700,5704
7701,5267
7702,3203
7703,6305
7704,3216
7705,486
7706,8289
7707,9504
7708,1149
7709,9132
7710,7717
7711,2120
7712,9611
7713,6385
7714,5062
7715,5081
7716,6469
7717,7101
7718,8006
7719,1199
7720,4748
7721,1268
7722,6648
7723,1418
7724,1766
7725,7600
7726,9902
7727,2888
7728,3514
7729,6226
7730,2293
7731,4580
7732,7848
7733,657
7734,4956
7735,6597
7736,7872
7737,4616
7738,9943
7739,4393
7740,2465
7741,66
7742,7946
7743,9493
7744,1990
7745,4246
7746,8426
7747,6516
7748,5210
7749,2287
7750,5202
7751,9738
7752,3180
7753,1623
7754,9240
7755,7214
7756,4337
7757,9010
7758,1489
7759,3222
7760,9620
7761,6853
7762,4643
7763,4240
7764,4487
7765,8806
7766,7375
7767,6891
7768,9983
7769,5054
7770,444
7771,2459
7772,2420
7773,8555
7774,7777
7775,4510
7776,3480
7777,5007
7778,7733
7779,500
7780,7801
7781,9975
7782,3690
7783,6663
7784,7757
7785,4909
7786,5708
7787,7208
7788,2458
7789,7787
7790,8812
7791,2584
7792,4474
7793,5114
7794,7785
7795,6081
7796,950
7797,8389
7798,3808
7799,9424
7800,5291
7801,578
7802,3608
7803,5551
7804,6992
7805,6098
7806,6954
7807,5167
7808,2443
7809,1779
7810,9432
7811,2610
7812,2685
7813,6917
7814,6787
7815,8676
7816,6520
7817,1381
7818,9058
7819,4211
7820,9167
7821,2737
7822,2606
7823,1903
7824,7366
7825,584
7826,2540
7827,6566
7828,3744
7829,9031
7830,3209
7831,4235
7832,432
7833,7716
7834,695
7835,6610
7836,6678
7837,5784
7838,6816
7839,2334
7840,8787
7841,1989
7842,3881
7843,206
7844,1872
7845,6474
7846,9462
7847,3603
7848,7503
7849,8151
7850,6128
7851,82
7852,4433
7853,1181
7854,9784
7855,5040
7856,9033
7857,402
7858,8348
7859,6644
7860,8066
7861,5036
7862,4186
7863,2881
7864,699
7865,5487
7866,452
7867,609
7868,4593
7869,7933
7870,9583
7871,2681
7872,3193
7873,6647
7874,9623
7875,2505
7876,4628
7877,9286
7878,729
7879,2013
7880,5476
7881,3363
7882,2870
7883,5991
7884,2676
7885,5621
7886,2437
7887,3492
7888,6265
7889,2452
7890,3009
7891,1378
7892,5818
7893,8452
7894,6854
7895,8563
7896,1606
7897,29
7898,5824
7899,1487
7900,9458
7901,4319
7902,4466
7903,7195
7904,3641
7905,176
7906,6767
7907,6545
7908,1234
7909,320
7910,4633
7911,9637
7912,6547
7913,2114
7914,112
7915,6847
7916,8642
7917,870
7918,3060
7919,8749
7920,4860
7921,1958
7922,251
7923,2282
7924,6125
7925,776
7926,558
7927,1339
7928,9832
7929,2395
7930,1535
7931,6084
7932,9013
7933,6626
7934,7929
7935,9916
7936,9502
7937,8118
7938,265
7939,8016
7940,6866
7941,6464
7942,9708
7943,27
7944,1481
7945,4137
7946,361
7947,3177
7948,5982
7949,6793
7950,6269
7951,3500
7952,526
7953,2131
7954,3722
7955,6233
7956,9935
7957,2235
7958,5280
7959,3827
7960,9630
7961,9266
7962,2693
7963,5073
7964,5302
7965,8325
7966,2383
7967,4583
7968,7323
7969,2283
7970,9780
7971,7633
7972,470
7973,5298
7974,7444
7975,3599
7976,8891
7977,7133
7978,4701
7979,5980
7980,6737
7981,2740
7982,6573
7983,5765
7984,6811
7985,2565
7986,1043
7987,2405
7988,485
7989,2702
7990,7807
7991,5897
7992,4516
7993,2619
7994,3010
7995,773
7996,772
7997,5533
7998,2472
7999,2132
8000,4404
8001,6331
8002,1473
8003,3577
8004,5394
8005,885
8006,461
8007,5741
8008,1617
8009,3466
8010,6012
8011,1720
8012,104
8013,5396
8014,3809
8015,947
8016,4983
8017,9416
8018,4091
8019,2201
8020,3977
8021,5552
8022,681
8023,2592
8024,4923
8025,4264
8026,1622
8027,6619
8028,4300
8029,5849
8030,9478
8031,4312
8032,7067
8033,1627
8034,2747
8035,9320
8036,4767
8037,3341
8038,4549
8039,1963
8040,3088
8041,1371
8042,2061
8043,4039
8044,4492
8045,7054
8046,3474
8047,8315
8048,1884
8049,6218
8050,6617
8051,61
8052,8335
8053,3041
8054,457
8055,8867
8056,8196
8057,7978
8058,5015
8059,9500
8060,3781
8061,6798
8062,5185
8063,2843
8064,8525
8065,4123
8066,4136
8067,1374
8068,8393
8069,4478
8070,1036
8071,2771
8072,999
8073,8536
8074,1078
8075,1049
8076,7566
8077,231
8078,5206
8079,5570
8080,3783
8081,9777
8082,9536
8083,4117
8084,7988
8085,1084
8086,5742
8087,8861
8088,1323
8089,1331
8090,2668
8091,8482
8092,4387
8093,6605
8094,794
8095,5100
8096,9714
8097,1983
8098,9104
8099,1471
8100,9646
8101,5020
8102,2595
8103,1782
8104,7918
8105,5525
8106,3793
8107,2226
8108,7085
8109,7754
8110,2224
8111,1478
8112,7094
8113,5674
8114,7615
8115,6836
8116,4271
8117,214
8118,9904
8119,1644
8120,4536
8121,5220
8122,8707
8123,849
8124,7708
8125,2961
8126,8036
8127,869
8128,4519
8129,956
8130,6245
8131,2706
8132,2997
8133,910
8134,1200
8135,2855
8136,4019
8137,6722
8138,3640
8139,1911
8140,5328
8141,5541
8142,4082
8143,825
8144,7955
8145,9766
8146,4582
8147,435
8148,9591
8149,5634
8150,4799
8151,2783
8152,6481
8153,7620
8154,9335
8155,3333
8156,6294
8157,5922
8158,857
8159,9994
8160,4473
8161,9441
8162,5592
8163,7396
8164,272
8165,2649
8166,2529
8167,3568
8168,8380
8169,9151
8170,8419
8171,4145
8172,6588
8173,6915
8174,2212
8175,6860
8176,7218
8177,7346
8178,6048
8179,2110
8180,4974
8181,7467
8182,5838
8183,5867
8184,5092
8185,9930
8186,2020
8187,8597
8188,2163
8189,178
8190,5423
8191,6282
8192,7543
8193,6060
8194,8584
8195,3611
8196,5995
8197,6496
8198,876
8199,4897
8200,4719
8201,8767
8202,2976
8203,9833
8204,3518
8205,427
8206,8973
8207,124
8208,5973
8209,3871
8210,4410
8211,6893
8212,6179
8213,4732
8214,1545
8215,6470
8216,3944
8217,298
8218,2867
8219,3879
8220,7370
8221,3875
8222,915
8223,6178
8224,1666
8225,2653
8226,5752
8227,8680
8228,9195
8229,1033
8230,1643
8231,2738
8232,3590
8233,3938
8234,7699
8235,5446
8236,4599
8237,6263
8238,4731
8239,5527
8240,517
8241,3806
8242,6677
8243,646
8244,2946
8245,3397
8246,8104
8247,4234
8248,2557
8249,4054
8250,1288
8251,3976
8252,4453
8253,6659
8254,6994
8255,6463
8256,6039
8257,2274
8258,7229
8259,6058
8260,3719
8261,9541
8262,3495
8263,1051
8264,5296
8265,6935
8266,8855
8267,2408
8268,4503
8269,5198
8270,2342
8271,5781
8272,9695
8273,6075
8274,1686
8275,5573
8276,9740
8277,7457
8278,4344
8279,1587
8280,7394
8281,3521
8282,5962
8283,9751
8284,4412
8285,8777
8286,8720
8287,5936
8288,5740
8289,916
8290,8323
8291,7745
8292,1646
8293,9099
8294,8176
8295,3922
8296,6180
8297,9675
8298,7000
8299,2064
8300,2410
8301,9956
8302,2368
8303,2664
8304,182
8305,7685
8306,2398
8307,7167
8308,7098
8309,2045
8310,463
8311,5071
8312,9886
8313,6572
8314,1727
8315,9192
8316,8522
8317,3833
8318,2833
8319,2165
8320,5294
8321,2272
8322,9129
8323,7104
8324,6732
8325,791
8326,1164
8327,8034
8328,1416
8329,770
8330,2794
8331,783
8332,1671
8333,3673
8334,8300
8335,1186
8336,7774
8337,6146
8338,8824
8339,7475
8340,9494
8341,7698
8342,707
8343,3725
8344,1847
8345,7405
8346,9825
8347,3726
8348,9901
8349,1143
8350,549
8351,9763
8352,7731
8353,4683
8354,779
8355,4472
8356,8495
8357,9601
8358,5412
8359,8185
8360,1763
8361,7025
8362,2058
8363,3189
8364,2853
8365,7248
8366,9437
8367,6874
8368,7084
8369,1558
8370,3982
8371,7768
8372,5935
8373,1396
8374,7187
8375,5375
8376,9831
8377,8794
8378,5500
8379,6872
8380,9948
8381,6107
8382,5675
8383,7931
8384,8190
8385,4272
8386,6135
8387,1249
8388,1812
8389,6321
8390,1811
8391,3866
8392,951
8393,9658
8394,4133
8395,1220
8396,162
8397,6716
8398,824
8399,3313
8400,3837
8401,5531
8402,1327
8403,8550
8404,1122
8405,3390
8406,4750
8407,3300
8408,2630
8409,5495
8410,3862
8411,6040
8412,2799
8413,3215
8414,8498
8415,3958
8416,4611
8417,937
8418,2994
8419,4557
8420,5743
8421,4841
8422,9980
8423,460
8424,9775
8425,2384
8426,9284
8427,1664
8428,2897
8429,1524
8430,6289
8431,4287
8432,1640
8433,5281
8434,4830
8435,7091
8436,3487
8437,7514
8438,1444
8439,7560
8440,4493
8441,8879
8442,569
8443,1279
8444,2489
8445,9019
8446,1582
8447,6346
8448,1020
8449,6706
8450,4425
8451,7144
8452,5776
8453,2370
8454,2787
8455,3183
8456,3887
8457,8043
8458,7256
8459,7722
8460,235
8461,2025
8462,9435
8463,9461
8464,1503
8465,8968
8466,3998
8467,2620
8468,4727
8469,4948
8470,5099
8471,6618
8472,8308
8473,9193
8474,1855
8475,4930
8476,8945
8477,747
8478,4128
8479,1286
8480,5312
8481,5858
8482,4152
8483,3628
8484,9005
8485,4572
8486,9025
8487,5629
8488,2191
8489,5128
8490,2057
8491,6505
8492,6230
8493,2378
8494,8443
8495,5713
8496,1914
8497,6038
8498,1008
8499,216
8500,9289
8501,6819
8502,2769
8503,8825
8504,8191
8505,5245
8506,4786
8507,321
8508,3141
8509,1534
8510,1588
8511,6291
8512,2250
8513,4311
8514,6112
8515,5344
8516,9528
8517,7587
8518,6132
8519,276
8520,3043
8521,4495
8522,1506
8523,119
8524,9182
8525,1124
8526,3595
8527,7175
8528,8729
8529,2896
8530,5839
8531,3077
8532,2728
8533,9990
8534,3335
8535,3143
8536,7066
8537,9743
8538,5524
8539,4265
8540,5194
8541,7462
8542,3429
8543,9065
8544,4791
8545,686
8546,4378
8547,2258
8548,7044
8549,3647
8550,891
8551,5306
8552,3648
8553,6636
8554,9087
8555,636
8556,143
8557,8226
8558,9793
8559,9392
8560,6715
8561,6711
8562,5038
8563,1160
8564,495
8565,8007
8566,5863
8567,9215
8568,7191
8569,3903
8570,8830
8571,3103
8572,4285
8573,8503
8574,5751
8575,9367
8576,3784
8577,7493
8578,828
8579,4377
8580,2992
8581,2835
8582,1095
8583,8678
8584,1492
8585,1202
8586,945
8587,6343
8588,4067
8589,5399
8590,9959
8591,2665
8592,8739
8593,2429
8594,7003
8595,9701
8596,8588
8597,3700
8598,8304
8599,9955
8600,8427
8601,4993
8602,3105
8603,35
8604,2582
8605,245
8606,8455
8607,23
8608,6450
8609,1542
8610,6047
8611,4710
8612,4711
8613,6401
8614,9355
8615,6095
8616,3737
8617,6147
8618,5854
8619,1457
8620,7710
8621,5571
8622,3643
8623,8532
8624,8675
8625,5443
8626,2821
8627,203
8628,8885
8629,2084
8630,4671
8631,3983
8632,7853
8633,542
8634,6820
8635,8964
8636,6031
8637,2884
8638,716
8639,5475
8640,6434
8641,3089
8642,768
8643,6627
8644,853
8645,8558
8646,8772
8647,3612
8648,4043
8649,5039
8650,4665
8651,9807
8652,521
8653,5494
8654,9015
8655,6216
8656,7996
8657,1902
8658,8331
8659,5199
8660,9709
8661,5301
8662,7501
8663,2422
8664,1407
8665,5326
8666,4785
8667,9344
8668,9722
8669,3513
8670,2789
8671,32
8672,8359
8673,4809
8674,7439
8675,4544
8676,9787
8677,2560
8678,6096
8679,4506
8680,2456
8681,3381
8682,4301
8683,9531
8684,9681
8685,6824
8686,4955
8687,4132
8688,8539
8689,7987
8690,7036
8691,2542
8692,8795
8693,5122
8694,8029
8695,3593
8696,2166
8697,5628
8698,1060
8699,4047
8700,2634
8701,1358
8702,7970
8703,8834
8704,3472
8705,4929
8706,9191
8707,5707
8708,5753
8709,6442
8710,5264
8711,4026
8712,5695
8713,9212
8714,801
8715,7806
8716,252
8717,6883
8718,4010
8719,5192
8720,1751
8721,5832
8722,7126
8723,9555
8724,164
8725,5723
8726,2549
8727,3085
8728,992
8729,9093
8730,7163
8731,6246
8732,1021
8733,3053
8734,1400
8735,1500
8736,4016
8737,7836
8738,5447
8739,4244
8740,7905
8741,2427
8742,6683
8743,3705
8744,8620
8745,2237
8746,4169
8747,1757
8748,3050
8749,7858
8750,3551
8751,2100
8752,5764
8753,1126
8754,823
8755,4706
8756,7081
8757,2960
8758,7972
8759,4502
8760,7267
8761,8149
8762,7922
8763,6455
8764,9177
8765,9592
8766,3032
8767,2211
8768,4282
8769,8654
8770,5544
8771,4834
8772,9790
8773,8025
8774,9482
8775,6818
8776,7145
8777,4573
8778,2970
8779,3534
8780,7649
8781,4179
8782,7162
8783,2122
8784,394
8785,4755
8786,8733
8787,9398
8788,8884
8789,1579
8790,1347
8791,7878
8792,8095
8793,872
8794,145
8795,1233
8796,5466
8797,6746
8798,1894
8799,4726
8800,4771
8801,406
8802,718
8803,9879
8804,9325
8805,9028
8806,7477
8807,2921
8808,5427
8809,7338
8810,3078
8811,8194
8812,706
8813,9829
8814,2841
8815,4728
8816,6515
8817,4346
8818,9887
8819,9303
8820,6880
8821,9317
8822,1270
8823,1896
8824,1936
8825,6506
8826,4664
8827,9602
8828,1311
8829,5011
8830,7887
8831,210
8832,8179
8833,5642
8834,3496
8835,2514
8836,510
8837,4463
8838,8649
8839,41
8840,8623
8841,3994
8842,8573
8843,1030
8844,1120
8845,2483
8846,343
8847,6248
8848,4307
8849,2261
8850,629
8851,5918
8852,7021
8853,4693
8854,5891
8855,9870
8856,1737
8857,1138
8858,1752
8859,8248
8860,7271
8861,6813
8862,7976
8863,1115
8864,5558
8865,3691
8866,1356
8867,1544
8868,2887
8869,4484
8870,9256
8871,7843
8872,7577
8873,5880
8874,5489
8875,3991
8876,358
8877,8850
8878,6415
8879,6328
8880,5714
8881,9288
8882,8854
8883,5425
8884,9075
8885,8737
8886,8567
8887,6468
8888,6936
8889,6904
8890,7884
8891,4513
8892,8422
8893,7107
8894,4304
8895,9635
8896,2857
8897,3594
8898,2788
8899,8981
8900,2202
8901,2701
8902,7727
8903,6553
8904,4044
8905,1319
8906,6751
8907,5321
8908,7804
8909,5455
8910,6958
8911,6862
8912,5463
8913,4913
8914,5650
8915,5052
8916,9624
8917,6388
8918,6579
8919,4721
8920,9908
8921,7204
8922,6864
8923,6609
8924,8520
8925,6326
8926,5397
8927,4689
8928,6671
8929,7896
8930,5619
8931,1955
8932,7865
8933,6955
8934,3666
8935,7183
8936,9993
8937,7601
8938,2030
8939,1592
8940,5109
8941,5424
8942,7604
8943,5418
8944,9339
8945,6596
8946,1548
8947,1065
8948,9549
8949,9241
8950,3898
8951,5070
8952,372
8953,6196
8954,9552
8955,6159
8956,1550
8957,1817
8958,2286
8959,1762
8960,1835
8961,930
8962,9159
8963,2673
8964,6533
8965,9962
8966,3652
8967,3464
8968,2078
8969,4111
8970,3654
8971,1494
8972,6088
8973,8671
8974,8133
8975,4875
8976,4669
8977,261
8978,6769
8979,5363
8980,6849
8981,7635
8982,4775
8983,1639
8984,2371
8985,7689
8986,932
8987,7979
8988,7713
8989,507
8990,3318
8991,3660
8992,1662
8993,7688
8994,6141
8995,889
8996,4416
8997,5140
8998,7034
8999,3130
9000,2024
9001,9496
9002,9120
9003,7895
9004,6699
9005,1316
9006,4305
9007,1109
9008,5782
9009,2504
9010,1792
9011,7660
9012,9866
9013,5585
9014,103
9015,9039
9016,9173
9017,5896
9018,5032
9019,1962
9020,7061
9021,7869
9022,5113
9023,3822
9024,4635
9025,7201
9026,9257
9027,7052
9028,190
9029,2302
9030,7182
9031,6601
9032,7304
9033,4977
9034,1185
9035,4501
9036,2559
9037,8782
9038,3251
9039,3973
9040,4022
9041,6283
9042,6261
9043,5365
9044,6074
9045,9230
9046,6130
9047,9276
9048,7670
9049,6241
9050,7523
9051,6403
9052,8286
9053,9136
9054,3403
9055,1059
9056,5337
9057,861
9058,3039
9059,8726
9060,2928
9061,9152
9062,7459
9063,9945
9064,7103
9065,187
9066,3117
9067,7947
9068,9034
9069,9121
9070,221
9071,8039
9072,3548
9073,3745
9074,9082
9075,2244
9076,1871
9077,6490
9078,338
9079,1522
9080,4175
9081,3733
9082,9371
9083,9050
9084,8773
9085,5671
9086,6513
9087,5129
9088,7132
9089,6976
9090,2564
9091,4160
9092,2633
9093,1062
9094,3404
9095,983
9096,7903
9097,6461
9098,961
9099,2005
9100,3229
9101,7755
9102,5502
9103,1823
9104,9977
9105,3384
9106,9201
9107,8934
9108,836
9109,6314
9110,8141
9111,8687
9112,4634
9113,7595
9114,6895
9115,165
9116,8887
9117,5000
9118,3057
9119,2159
9120,6725
9121,6517
9122,7569
9123,4833
9124,8041
9125,1387
9126,7265
9127,6538
9128,5483
9129,1420
9130,6089
9131,5887
9132,573
9133,9429
9134,946
9135,9760
9136,5788
9137,1739
9138,2001
9139,4421
9140,7815
9141,1799
9142,546
9143,5236
9144,8237
9145,1430
9146,6771
9147,4975
9148,4985
9149,7586
9150,7925
9151,297
9152,1768
9153,994
9154,1278
9155,7283
9156,3478
9157,9227
9158,834
9159,6503
9160,3829
9161,4354
9162,6759
9163,4159
9164,3957
9165,9064
9166,7100
9167,2348
9168,9839
9169,2482
9170,219
9171,9704
9172,7119
9173,7914
9174,7910
9175,626
9176,3880
9177,3149
9178,9052
9179,1681
9180,6032
9181,6451
9182,7120
9183,6979
9184,3826
9185,9298
9186,3047
9187,8882
9188,3166
9189,8552
9190,9654
9191,3367
9192,2372
9193,8425
9194,739
9195,4870
9196,1
9197,6408
9198,5926
9199,1236
9200,8204
9201,9349
9202,2824
9203,511
9204,1096
9205,8786
9206,348
9207,5454
9208,1218
9209,8411
9210,3752
9211,6641
9212,2601
9213,9674
9214,7386
9215,3110
9216,6718
9217,5974
9218,6419
9219,6339
9220,9388
9221,1006
9222,6890
9223,9469
9224,7254
9225,62
9226,7576
9227,6055
9228,3861
9229,2516
9230,2926
9231,51
9232,9323
9233,9081
9234,173
9235,4450
9236,692
9237,6124
9238,9632
9239,9573
9240,9818
9241,450
9242,4338
9243,175
9244,7414
9245,8710
9246,3996
9247,1010
9248,5416
9249,8877
9250,6448
9251,5510
9252,1495
9253,6356
9254,2177
9255,9381
9256,1583
9257,4076
9258,3633
9259,142
9260,9903
9261,4747
9262,2216
9263,9342
9264,877
9265,7297
9266,5065
9267,9226
9268,9823
9269,7545
9270,3461
9271,5623
9272,8662
9273,4713
9274,7719
9275,266
9276,9979
9277,3845
9278,3886
9279,9237
9280,1560
9281,4230
9282,7832
9283,6001
9284,7549
9285,8951
9286,3302
9287,2725
9288,8369
9289,5166
9290,2344
9291,5539
9292,6672
9293,597
9294,2865
9295,2761
9296,1468
9297,9077
9298,536
9299,5346
9300,9468
9301,8759
9302,6345
9303,5215
9304,9414
9305,7711
9306,1951
9307,8821
9308,8238
9309,5568
9310,5265
9311,19
9312,5392
9313,7669
9314,572
9315,6758
9316,8557
9317,3361
9318,8275
9319,5994
9320,5960
9321,6607
9322,3561
9323,7421
9324,852
9325,4560
9326,6368
9327,9768
9328,8435
9329,9762
9330,7835
9331,3720
9332,7707
9333,7826
9334,5700
9335,1070
9336,6719
9337,7535
9338,1718
9339,1081
9340,3147
9341,8382
9342,8958
9343,3124
9344,8490
9345,7007
9346,9523
9347,9940
9348,3451
9349,1258
9350,6091
9351,3536
9352,6480
9353,6394
9354,4150
9355,4218
9356,4957
9357,8740
9358,4124
9359,1906
9360,2974
9361,5022
9362,7959
9363,7244
9364,332
9365,8453
9366,4526
9367,1282
9368,1821
9369,8265
9370,6518
9371,7193
9372,3392
9373,6500
9374,8494
9375,9960
9376,1057
9377,1898
9378,6969
9379,8211
9380,6594
9381,5153
9382,5407
9383,4667
9384,7333
9385,5271
9386,1642
9387,7429
9388,243
9389,4821
9390,6603
9391,3520
9392,8449
9393,630
9394,2829
9395,6902
9396,4788
9397,8598
9398,4340
9399,4110
9400,4475
9401,7002
9402,378
9403,4390
9404,975
9405,3187
9406,5611
9407,8868
9408,490
9409,9314
9410,1945
9411,7847
9412,3683
9413,7016
9414,33
9415,6423
9416,4866
9417,9789
9418,8764
9419,4460
9420,3535
9421,1935
9422,1625
9423,4401
9424,1493
9425,6640
9426,9258
9427,2512
9428,4367
9429,4906
9430,6121
9431,725
9432,2217
9433,8516
9434,448
9435,1833
9436,1519
9437,4781
9438,3304
9439,9455
9440,8971
9441,1946
9442,5614
9443,2876
9444,8018
9445,7862
9446,7852
9447,8255
9448,8420
9449,2049
9450,6749
9451,1105
9452,2618
9453,6614
9454,4952
9455,3840
9456,2273
9457,3804
9458,8414
9459,7069
9460,845
9461,3334
9462,6183
9463,5937
9464,2474
9465,5067
9466,3488
9467,6002
9468,2137
9469,3624
9470,5200
9471,1940
9472,4173
9473,4734
9474,5589
9475,1653
9476,7360
9477,5911
9478,2124
9479,1801
9480,5450
9481,648
9482,7849
9483,2819
9484,1439
9485,6560
9486,1332
9487,7904
9488,3238
9489,3583
9490,5381
9491,8208
9492,8719
9493,5727
9494,570
9495,9259
9496,8131
9497,6438
9498,7364
9499,1428
9500,9134
9501,3276
9502,1613
9503,6123
9504,146
9505,4752
9506,3298
9507,1093
9508,2899
9509,7188
9510,2828
9511,709
9512,6471
9513,6940
9514,4979
9515,4670
9516,5530
9517,5989
9518,8148
9519,6783
9520,3873
9521,766
9522,590
9523,7750
9524,1354
9525,6165
9526,2428
9527,8366
9528,7157
9529,7401
9530,3101
9531,6810
9532,8713
9533,6774
9534,7636
9535,4756
9536,9752
9537,1412
9538,1749
9539,200
9540,1040
9541,5256
9542,6830
9543,9997
9544,1108
9545,1191
9546,2796
9547,3555
9548,5657
9549,9842
9550,8849
9551,1565
9552,6856
9553,3283
9554,4053
9555,3086
9556,313
9557,2508
9558,3288
9559,531
9560,9356
9561,8193
9562,6527
9563,9647
9564,2068
9565,3739
9566,4033
9567,1670
9568,5408
9569,3350
9570,4998
9571,6143
9572,6227
9573,4295
9574,2700
9575,5556
9576,850
9577,8181
9578,4108
9579,4666
9580,9690
9581,1717
9582,3465
9583,2343
9584,6110
9585,8264
9586,1038
9587,3525
9588,3423
9589,6825
9590,9585
9591,8334
9592,9835
9593,2151
9594,901
9595,2442
9596,5485
9597,4326
9598,5089
9599,8819
9600,4386
9601,3635
9602,9046
9603,5336
9604,5085
9605,5625
9606,123
9607,2168
9608,5003
9609,3020
9610,803
9611,694
9612,8202
9613,8347
9614,3490
9615,5734
9616,6900
9617,9225
9618,3154
9619,7885
9620,5026
9621,7337
9622,3743
9623,3939
9624,3723
9625,9051
9626,724
9627,2967
9628,6669
9629,4858
9630,9442
9631,9290
9632,1264
9633,7870
9634,73
9635,1411
9636,4673
9637,8509
9638,7289
9639,4437
9640,9883
9641,6351
9642,1959
9643,3237
9644,3250
9645,8929
9646,6193
9647,5002
9648,117
9649,5154
9650,5876
9651,508
9652,9022
9653,2332
9654,7237
9655,5338
9656,4405
9657,9668
9658,4816
9659,6951
9660,8416
9661,1017
9662,8797
9663,6119
9664,5031
9665,9735
9666,4292
9667,1068
9668,2373
9669,4365
9670,8736
9671,585
9672,1156
9673,3505
9674,677
9675,3558
9676,5188
9677,1839
9678,7272
9679,2839
9680,9130
9681,4366
9682,9069
9683,3687
9684,8992
9685,9094
9686,7999
9687,7147
9688,8589
9689,684
9690,3677
9691,4190
9692,2495
9693,8527
9694,3830
9695,3071
9696,3616
9697,5248
9698,4780
9699,8367
9700,9648
9701,1866
9702,5803
9703,1104
9704,2820
9705,2197
9706,6734
9707,8437
9708,6620
9709,9812
9710,8805
9711,1910
9712,1284
9713,2622
9714,7274
9715,5733
9716,9800
9717,5121
9718,1114
9719,2095
9720,504
9721,5644
9722,1517
9723,2198
9724,9361
9725,5767
9726,4241
9727,9782
9728,894
9729,4322
9730,873
9731,7059
9732,1926
9733,3214
9734,8744
9735,5871
9736,9428
9737,9730
9738,9214
9739,6785
9740,9938
9741,3000
9742,2141
9743,6800
9744,2255
9745,6033
9746,4352
9747,2670
9748,3965
9749,1928
9750,3212
9751,2346
9752,2904
9753,9364
9754,3022
9755,9313
9756,6482
9757,7384
9758,7249
9759,2297
9760,952
9761,3026
9762,3672
9763,4259
9764,2537
9765,5870
9766,5722
9767,8135
9768,4368
9769,4459
9770,3596
9771,7039
9772,9111
9773,3858
9774,7761
9775,6428
9776,2607
9777,1716
9778,2080
9779,7532
9780,9047
9781,1173
9782,5163
9783,376
9784,239
9785,5579
9786,8240
9787,2029
9788,3157
9789,6664
9790,8538
9791,3278
9792,4787
9793,188
9794,2329
9795,8013
9796,6831
9797,1052
9798,7512
9799,4489
9800,5830
9801,1228
9802,141
9803,637
9804,7892
9805,5894
9806,3256
9807,2779
9808,9490
9809,3578
9810,4105
9811,5538
9812,9703
9813,2063
9814,85
9815,8610
9816,603
9817,7873
9818,8827
9819,3528
9820,9073
9821,6583
9822,9875
9823,1390
9824,1486
9825,9697
9826,1837
9827,7982
9828,9431
9829,6735
9830,5180
9831,6278
9832,6383
9833,8898
9834,9597
9835,2292
9836,6634
9837,987
9838,675
9839,4681
9840,2506
9841,1348
9842,2187
9843,4481
9844,1426
9845,9282
9846,676
9847,9445
9848,8173
9849,1616
9850,4584
9851,6826
9852,5747
9853,169
9854,1380
9855,2036
9856,7139
9857,5380
9858,649
9859,7766
9860,2910
9861,7552
9862,6585
9863,3357
9864,6377
9865,5615
9866,180
9867,6201
9868,3769
9869,9579
9870,7624
9871,8766
9872,8284
9873,8640
9874,236
9875,7160
9876,7481
9877,654
9878,7109
9879,6697
9880,3782
9881,5006
9882,9509
9883,2331
9884,1099
9885,4853
9886,4120
9887,9479
9888,8310
9889,5643
9890,2182
9891,8023
9892,4886
9893,3948
9894,5068
9895,1056
9896,8602
9897,6061
9898,5069
9899,6407
9900,6021
9901,9561
9902,1654
9903,5997
9904,98
9905,1083
9906,9942
9907,8931
9908,1802
9909,2891
9910,1103
9911,3941
9912,2035
9913,5146
9914,8261
9915,346
9916,575
9917,384
9918,3937
9919,462
9920,5433
9921,2476
9922,5222
9923,5632
9924,5467
9925,8622
9926,6868
9927,1709
9928,6918
9929,7498
9930,1296
9931,1580
9932,6447
9933,6137
9934,785
9935,9268
9936,683
9937,4139
9938,7871
9939,3370
9940,841
9941,2626
9942,3021
9943,53
9944,7646
9945,109
9946,5411
9947,6698
9948,9892
9949,4397
9950,2107
9951,6848
9952,4651
9953,7829
9954,763
9955,7637
9956,4659
9957,711
9958,2752
9959,2243
9960,5369
9961,777
9962,3771
9963,3820
9964,4663
9965,4738
9966,6149
9967,4147
9968,2407
9969,8146
9970,400
9971,1189
9972,5119
9973,2817
9974,2908
9975,1848
9976,8457
9977,6457
9978,625
9979,4122
9980,5593
9981,487
9982,6709
9983,723
9984,939
9985,6317
9986,193
9987,3823
9988,5861
9989,9729
9990,5661
9991,55
9992,65
9993,3273
9994,4394
9995,7223
9996,6020
9997,6129
9998,2444
9999,3029
